id,pub_year,name,organization,degree,org_name,org_organization,thesis_id,title
1100025,2018,이연정,순천향대학교,박사,이연정,순천향대학교 대학원,KDMT1201859145,"부모의 스트레스, 우울감, 자살사고가 청소년의 자살사고에 미치는 영향"
244518,2011,김동국,계명대학교,박사,김동국,계명대학교 대학원,KDMT1201143608,연암 박지원의 『열하일기』를 통해서 본 한중문화교류 연구 : 문화커뮤니케이션을 중심으로
643687,2001,박영운,충남대학교,석사,박영운,충남대학교 대학원,KDMT1200105273,"Functional characterization of an yeast oxysterol-binding protein, Osh3p, during nuclear fusion and pseudohyphal growth"
686797,2013,박진영,이화여자대학교,석사,박진영,이화여자대학교 대학원,KDMT1201301802,"The u-field test, a novel behavioral test suitable to measure sociability of mice"
959738,2018,유창,원광대학교,석사,劉 暢,원광대학교 대학원,KDMT1201856227,중국 대학교의 R&D 효율성 분석에 관한 연구 : 초효율성 모형과 Super-SBM 모형을 이용한 비교연구를 중심으로
382815,2009,김윤정,부경대학교,석사,김윤정,부경대학교 교육대학원,KDMT1200950250,무선 가입자망 환경에서 QoS가 영상 서비스 품질에 미치는 영향에 관한 연구
1615596,2002,현을생,제주대학교,석사,현을생,제주대학교 행정대학원,KDMT1200210551,제주도문화재 보존과 활용이 지역발전에 미치는 영향에 관한 연구
1510294,2008,최용욱,홍익대학교,석사,최용욱,홍익대학교 대학원,KDMT1200858757,Ti:PPLN 채널 광도파로 소자를 이용한 Solc-Filter에 관한 연구
1622254,2011,홍석준,서울대학교,석사,홍석준,서울대학교 대학원,KDMT1201156131,약물의 유효치료농도 유지를 위한 약물전달시스템
636528,2017,박승남,장로회신학대학교,석사,박승남,장로회신학대학교 대학원,KDMT1201767231,플랫폼 선교를 통한 중국선교
1534720,2015,최진하,한양대학교,석사,최진하,한양대학교 교육대학원,KDMT1201508868,일터 안의 사회적 힐링을 위한 실존적 주체의 학습과정 탐구
699126,2002,박현례,숙명여자대학교,석사,박현례,숙명여자대학교 교육대학원,KDMT1200249972,초등학생 고학년의 과외수업 실태 조사연구
1584764,2005,한상희,충북대학교,석사,한상희,충북대학교 교육대학원,KDMT1200510719,표준의학용어 추천시스템의 설계 및 구현
705825,2017,박혜진,경북대학교,석사,박혜진,경북대학교 대학원,KDMT1201754355,청년 미술가들의 SNS 활용과 정체성 갈등
457429,2002,김진현,명지대학교,석사,김진현,명지대학교 대학원,KDMT1200229713,자동차 냉각시스템의 냉각성능향상에 관한 실험적 고찰
603553,2011,박무열,한국과학기술원,석사,박무열,한국과학기술원,KDMT1201141847,다중 요소 브랜딩이 주도 브랜드의 태도에 미치는 영향에 관한 연구
1095851,2016,이시은,충남대학교,석사,Si-Eun Lee,충남대학교 대학원,KDMT1201608250,Effect of fluorine modified carbon nanotubes on mechanical and electromagnetic interference shielding properties of epoxy composites
697868,2000,박해영,창원대학교,석사,박해영,창원대학교 대학원,KDMT1200044985,반론권에 관한 연구
1250529,2014,임지수,경기대학교,석사,임지수,경기대학교 대학원,KDMT1201413618,수온상승이 어류에 미치는 효과를 규명하기 위한 생리지표 개발
890888,2006,엄기준,한양대학교,박사,엄기준,한양대학교 대학원,KDMT1200666827,VRML을 이용한 가상공간 디자인의 웹 3D 커뮤니티로의 적용에 관한 연구
390366,2022,김은정,홍익대학교,석사,Kim | Eunyoung,홍익대학교 대학원,KDMT12022000016396,Elastic wave full-waveform inversion integrated with ANSYS for characterizing cavities in concrete structures
691713,2018,박창현,우송대학교,석사,박창현,우송대학교 공학·디자인대학원,KDMT1201901537,가상의 3D와 실제 로봇이 동기화하는 시스템 및 플랫폼 제작에 대한 연구
416053,2012,김정은,가톨릭대학교,석사,김정은,가톨릭대학교 대학원,KDMT1201256257,가톨릭 교회의 스마트폰 활용 연구
940732,2019,유다미,전북대학교,석사,유다미,전북대학교 대학원,KDMT1201910606,전산유체역학을 이용한 원심형 송풍기의 임펠러 형상 최적 설계
365750,2020,김요한,한국교원대학교,석사,김요한,한국교원대학교 교육대학원,KDMT1202023551,여자 고등학교 체육수업에서 ICT활용 교육에 따른 학업 관심도 및 학업 만족도 분석
1453368,1998,진창화,중앙대학교,석사,陳昌和,中央大學校 大學院,KDMT1199835373,SPME를 이용한 생약 중 잔류 유기염소계 농약의 분석
1152671,2020,이정옥,동국대학교,석사,이정옥,동국대학교 교육대학원,KDMT1202012483,대학생이 인지한 어머니의 양육태도가 성인애착에 미치는 영향에서 자기자비의 매개효과
161296,2001,공종렬,경희대학교,박사,공종렬,경희대학교 대학원,KDMT1200119304,지식정보사회의 개인정보 침해사례분석과 보호정책에 관한 연구
1106477,2000,이영주,한국교원대학교,석사,이영주,한국교원대학교 교육대학원,KDMT1200006822,『정을선전』연구
1082600,2014,이수정,숙명여자대학교,석사,Su-Jeong Lee,숙명여자대학교 대학원,KDMT1201447374,Probiotics and fish oil supplementation inhibits the development of oxazolone-induced atopic dermatitis-like skin lesions in hairless mice
141969,2009,강희,고신대학교,석사,강희,고신대학교 대학원,KDMT1200901578,이중 팽창성 나이티놀 스텐트 설치술 : 악성 위십이지장 협착 환자에서의 장기 추적 결과
856520,2009,안덕일,홍익대학교,석사,안덕일,홍익대학교 건축도시대학원,KDMT1200956773,특1급 호텔 Executive Floor의 활성화를 위한 Executive Lounge Renovation 방안에 관한 연구
1196355,2018,이치호,성균관대학교,석사,이치호,성균관대학교 대학원,KDMT1201820496,WTO-FTA 무역기술장벽에 관한 수출입기업의 리스크 관리방안 연구
1301035,2012,전영철,경기대학교,석사,전영철,경기대학교 관광전문대학원,KDMT1201200499,인센티브여행 서비스품질과 가치가 만족과 재이용의도에 미치는 영향
1245434,2017,임은희,을지대학교,석사,임은희,을지대학교 임상간호대학원,KDMT1201701014,제한성 혹은 폐쇄성 COPD 유소견자의 삶의 질 영향요인 비교분석 : 제 6기 1-2차년도 (2013-2014) 국민건강영양조사를 이용하여
696123,2006,박태훈,한양대학교,석사,박태훈,한양대학교 대학원,KDMT1200627012,유비쿼터스 컴퓨팅 기반 전방향 모바일 로봇 시스템
947423,2005,유수정,이화여자대학교,석사,유수정,이화여자대학교 디자인대학원,KDMT1200521619,Ecology에 의한 Knitted Nuno Felt 소재 가공
952021,2007,유원,부산대학교,석사,유원,부산대학교 경영대학원,KDMT1200751129,린 6시그마(Lean Six Sigma) 혁신전략에 대한 연구
1072469,2004,이성우,울산대학교,석사,이성우,울산대학교 정책대학원,KDMT1200448984,지방자치단체의 자체감사 운영실태 및 개선방안에 관한 연구
109387,2008,가오즈지엔,단국대학교,석사,가오즈지엔,단국대학교 대학원,KDMT1200810089,실험애니메이션 <꿈> 개발
1615153,2011,현승훈,경기대학교,석사,현승훈,경기대학교 건설·산업대학원,KDMT1201113441,반월특수국가공단의 화재안전관리제도 개선방안
1181487,2014,이지혜,고려대학교,석사,이지혜,고려대학교 대학원,KDMT1201452889,폐현수막 재활용 패션용품의 친환경성과 상품성 향상 방안에 관한 연구
1233989,2013,임미란,숭실대학교,석사,임미란,숭실대학교 대학원,KDMT1201374322,주의력결핍 과잉행동장애(ADHD) 아동에 대한 교사의 대처방식에 영향을 미치는 요인에 관한 연구
253273,2012,김두찬,부산대학교,석사,김두찬,부산대학교 대학원,KDMT1201213263,화재사고에 의한 해양플랜트 Topside 구조 붕괴해석 기법에 관한 연구
768028,2022,서혜림,한양대학교,석사,서혜림,한양대학교 상담심리대학원,KDMT12022000042666,변혁적 리더십과 혁신행동 관계에서 잡크래프팅의 매개효과
1572148,2004,하용수,금오공과대학교,석사,하용수,금오공과대학교 대학원,KDMT1200405566,효율적인 깊이 특징 추출을 이용한 스테레오 영상 기반의 3차원 모델링 및 렌더링 기법
1599148,1999,한학승,한국과학기술원,석사,한학승,韓國科學技術院,KDMT1199900779,능동적 광소자를 제작을 위한 Er이 도핑된 SRSO박막의 특성연구
1575096,2011,하태은,공주대학교,석사,하태은,공주대학교 교육대학원,KDMT1201126533,PMP Moire방법에 의한 고등학교 여학생 인체의 가슴형상 측정
1439939,2019,주정훈,충북대학교,석사,주정훈,충북대학교 산업대학원,KDMT1201933198,의약품 제조업의 GMP 공정 내 안전모 착용을 위한 위생관리 방법 비교
1320411,2010,정덕환,나사렛대학교,석사,정덕환,나사렛대학교 재활복지대학원,KDMT1201004095,한국형 중증장애인 직업재활모형 개발
1338667,2009,정숙희,경남대학교,박사,정숙희,경남대학교 대학원,KDMT1200950560,소집단 협동학습이 토익 읽기 능력에 미치는 영향
1095259,2005,이승희,전주대학교,석사,이승희,전주대학교 교육대학원,KDMT1200528859,중학교 음악교과서를 통한 기악교육 실태에 대한 조사 연구 : 전북지역 중학교 중심으로
922353,2011,왕경언,서울대학교,석사,왕경언,서울대학교 대학원,KDMT1201124792,조선후기 자찬 연구
872324,2000,안희주,세종대학교,석사,안희주,세종대학교 대학원,KDMT1200031290,광고매체로서 인터넷마케팅 활용에 관한 연구
1517561,2014,최은아,가천대학교,석사,최은아,가천대학교 대학원,KDMT1201400163,Ferritin-ZnSe 나노입자를 이용한 뇌신경전달물질 감지
397292,2016,김인숙,경일대학교,박사,김인숙,경일대학교 대학원,KDMT1201859711,남·여 대학생의 다문화수용성에 영향을 미치는 심리 사회적 변인 연구
434583,2018,김주형,한국과학기술원,박사,Kim | Joo-Hyung,한국과학기술원,KDMT1201843464,Investigation of electrochemical properties and reaction mechanism in negative electrode materials for sodium-ion batteries
944692,2004,유삼화,공주대학교,석사,유삼화,공주대학교 교육대학원,KDMT1200405371,정신지체학교의 한국화 교육실태와 개선방안
672224,1999,박종숙,중앙대학교,석사,朴鍾淑,中央大學校 敎育大學院,KDMT1199919985,童話敎育을 통한 글짓기 指導方案에 관한 硏究
151046,2002,고영국,성균관대학교,박사,고영국,성균관대학교 대학원,KDMT1200236192,e-Business를 위한 소프트웨어 컴포넌트 기술의 수용에 관한 연구
795172,2000,송 욱,인제대학교,석사,송 욱,인제대학교 대학원,KDMT1200027446,정신분열병 환자에서 경도의 스트레스 요인
411616,2017,김정민,인제대학교,석사,김정민,인제대학교 대학원,KDMT1201735427,한국판 University of California San Diego 실행에 기초한 기술평가 척도의 신뢰도와 타당도
1631963,2011,홍종근,가톨릭대학교,석사,홍종근,가톨릭대학교 보건대학원,KDMT1201111576,응급실에 복통을 주소로 내원한 환아에서 급성충수돌기염을 진단하는데 있어서 발열과 백혈구수치의 의의
705183,2016,박혜원,경희대학교,석사,박혜원,경희대학교 교육대학원,KDMT1201656709,한국어 초급 학습자를 위한 읽기 과제활동 개발 연구 : 집중형 읽기(Intensive Reading)을 중심으로
1060226,2013,이상헌,서울대학교,석사,이상헌,서울대학교 환경대학원,KDMT1201373674,조종천의 어류 군집 특성과 보의 영향
1030108,2006,이두호,공주대학교,석사,이두호,공주대학교 대학원,KDMT1200609756,태풍 예측에 미치는 해수면 냉각의 영향
1519830,2005,최익성,가톨릭대학교,석사,최익성,가톨릭대학교 대학원,KDMT1200556404,Screening Positive Study에서 이항 공변량 효과의 비교
720275,2017,배소현,울산과학기술원,석사,Sohyeon Bae,울산과학기술원 대학원,KDMT1201754994,Self-assembly of block copolymer thin films and their applications
427753,2015,김종원,중앙대학교,석사,김종원,중앙대학교 행정대학원,KDMT1201518210,노인 주거시설의 편의성 향상에 관한 연구
1380793,2009,정혜영,부산외국어대학교,석사,정혜영,부산외국어대학교 통역번역대학원,KDMT1200910039,역동적 등가 실현을 위한 아동문학 번역 : 아동 언어로의 재창조
1152849,2018,이정우,가톨릭대학교,박사,이정우,가톨릭대학교 대학원,KDMT1201831420,Ganglion cyst around the hallux associated with effusion of flexor hallucis longus tendon sheath and adjacent joints : significance of magnetic resonance imaging
1067100,2009,이선영,동아대학교,석사,이선영,동아대학교 교육대학원,KDMT1200971011,진로지도 프로그램이 지역아동센터 아동의 자기효능감 및 진로성숙도에 미치는 효과
398630,2000,김인철,충북대학교,석사,김인철,충북대학교 경영대학원,KDMT1200036561,전자상거래 환경하에서 공급사슬관리를 통한 기업의 경쟁력 확보방안
504708,2020,김혜지,서울대학교,석사,김혜지,서울대학교 대학원,KDMT1202037138,국악 개념학습을 위한 플립러닝 설계방안 : 장단개념을 중심으로
1180047,2010,이지은,한양대학교,석사,이지은,한양대학교 산업경영디자인대학원,KDMT1201055199,태권도를 활용한 넌버벌 퍼포먼스의 공연 포맷 발전방안 연구 : <더문(The Moon)>을 중심으로
296246,2019,김상형,충남대학교,박사,김상형,충남대학교 대학원,KDMT1201919361,HTTP 적응형 스트리밍 서비스를 위한 유효 대역폭 관리 기법
252341,2008,김동휘,중앙대학교,석사,김동휘,중앙대학교 행정대학원,KDMT1200825818,사회적 지지가 노인의 우울과 자살생각에 미치는 영향 : 사회복지시설 이용 노인을 중심으로
1443926,2012,지계환,수원대학교,박사,지계환,수원대학교 대학원,KDMT1201273240,소유역 레이더 강우의 정확도 향상을 위한 CIVCOM 모형 개발
1063926,2022,이서희,이화여자대학교,석사,이서희,이화여자대학교 대학원,KDMT12022000052909,15世紀 後半 阿彌陀如來三尊像 硏究
835016,2010,신재호,동명대학교,석사,신재호,동명대학교 대학원,KDMT1201052592,SVM 기반의 라인스캐닝을 이용한 3차원 얼굴인식
421552,2005,김정희,숙명여자대학교,석사,김정희,숙명여자대학교 대학원,KDMT1200522788,"식물 혼합(고들빼기, 돌미나리, 메밀, 톳, 생강) 추출물 투여가 마우스 면역세포활성에 미치는 영향"
309364,2017,김성보,홍익대학교,박사,김성보,홍익대학교 대학원,KDMT1201735132,저층주택지의 유형 구분 및 관리방안에 관한 연구 : 서울시 저층주택지를 중심으로
400003,2017,김일식,광주대학교,석사,김일식,광주대학교 대학원,KDMT1201722920,네 발로 기는 남자
798720,2009,송미진,대전대학교,석사,송미진,대전대학교 교육대학원,KDMT1200946992,자녀가 지각한 부모-자녀 간 의사소통과 가족체계가 초등학생의 정서지능 및 친구관계 질에 미치는 영향
275126,2010,김민정,계명대학교,박사,김민정,계명대학교 대학원,KDMT1201043364,간세포암종과 MMP1 유전자 단일염기 다형성의 관련성
1371755,2008,정창영,경인교육대학교,석사,정창영,경인교육대학교 교육대학원,KDMT1200826756,ICT활용 삼각화 수업모형이 적용 능력과 균형 있는 비평적 사고 능력에 미치는 효과
1622148,2019,홍석원,성균관대학교,석사,홍석원,성균관대학교 정보통신대학원,KDMT1201928064,進化型 SIEM 시스템을 통한 效率的인 管制 方法 硏究
953046,2015,유은철,고려대학교,석사,유은철,고려대학교 기술경영전문대학원,KDMT1201503892,정부승인 차액계약제도(Vesting Contract)가 민간 석탄발전사업 수익성에 미치는 영향에 관한 연구
953601,2001,유인종,국민대학교,박사,유인종,국민대학교 대학원,KDMT1200115050,전해 콘덴서용 알루미늄박의 에칭 및 화성조건에 따른 정전용량 변화와 유전체 피막의 특성 분석
363427,2009,김오경,이화여자대학교,석사,김오경,이화여자대학교 대학원,KDMT1200936881,유아기 자녀를 둔 어머니의 정보윤리와 정보윤리교육에 대한 실태
509054,2009,김홍중,한양대학교,석사,김홍중,한양대학교 대학원,KDMT1200911148,톱니파 변조 프로파일을 이용한 스프레드 스펙트럼 클럭 발생기
1363386,2007,정종식,한남대학교,석사,정종식,한남대학교 대학원,KDMT1200702868,새우 양식용 흰점 바이러스 재조합 백신 개발
415115,2012,김정완,경희대학교,석사,김정완,경희대학교 대학원,KDMT1201235042,청소로봇의 에너지 효율 향상을 위한 시스템 설계
189343,2011,권윤진,연세대학교,석사,권윤진,연세대학교 대학원,KDMT1201118572,모델 펩타이드의 combinatorial 반응에 의한 Kinetically Controlled Ligation에 대한 포괄적 연구
1359063,2013,정재묵,용인대학교,석사,정재묵,용인대학교 태권도대학원,KDMT1201367406,초등학교 태권도 수련생의 참가동기가 사회생활태도 및 학교생활 만족도에 미치는 영향
197119,2020,권호순,건국대학교,박사,권호순,건국대학교 대학원,KDMT1202059537,e-Book 이용자의 유형별 특성과 수용 결정요인 탐색 연구 : MZ세대를 중심으로
1186763,2012,이진호,광운대학교,석사,Jin-ho Lee,광운대학교 대학원,KDMT1201245370,Adaptive playout scheduling and signal reconstruction algorithm for improving quality of speech in mobile VolP
1341312,2017,정아라,이화여자대학교,석사,정아라,이화여자대학교 대학원,KDMT1201753266,Relationship between the structure of polymers and their electrical properties in organic thin film transistors
1302879,2019,전윤창,영남대학교,석사,전윤창,영남대학교 대학원,KDMT1201932450,MOCVD 공법을 이용한 2차전지용 Lithium Phosphate 고체 박막 전해질 제조
858576,2017,안보라미,한국교원대학교,석사,안보라미,한국교원대학교 교육대학원,KDMT1201800378,학생교과서 쓰기 프로그램이 고등학생의 국어 성취도 및 국어 학습 태도에 미치는 영향
1258157,2004,임희정,대구대학교,석사,임희정,대구대학교 재활과학대학원,KDMT1200462916,스크립트 활동과 그림일기를 병행한 언어중재 프로그램이 학령기언어장애아동의 언어능력 향상에 미치는 효과
166103,2021,곽은혜,영남대학교,석사,곽은혜,영남대학교 환경보건대학원,KDMT12021000020300,'어머니와 나'의 삶의 이해를 위한 존재론적 탐구
688918,2000,박찬경,서강대학교,석사,박찬경,서강대학교 교육대학원,KDMT1200012343,멀티미디어 프로그램을 활용한 동기유발 수업이 자폐 학생의 과제수행활동에 미치는 효과
392360,2013,김은한,중앙대학교,석사,김은한,중앙대학교 산업·창업경영대학원,KDMT1201308747,종업원에 대한 피드백이 대인갈등과 직무만족에 미치는 영향
1243973,2011,임원종,한양대학교,석사,임원종,한양대학교 대학원,KDMT1201116982,구조최적설계기법을 이용한 모바일하버용 크레인의 설계
893629,2011,엄현정,강원대학교,석사,엄현정,강원대학교 교육대학원,KDMT1201117863,공업계 고등학교 수학교과와 전자회로 교과간의 연계성 분석
940405,2018,유길선,한서대학교,석사,유길선,한서대학교 대학원,KDMT1201918300,사이버 보안관제 탐지 및 대응에 관한 연구
493264,2014,김현지,성균관대학교,박사,Hyunji Kim,성균관대학교 대학원,KDMT1201432885,Some considerations on the classifiers in high dimensional data
154945,2005,고재선,군산대학교,석사,고재선,군산대학교 대학원,KDMT1200513905,분산환경에서 신경망과 퍼지를 이용한 이동에이전트기반 정보검색기법
892401,2004,엄익섭,서강대학교,석사,엄익섭,서강대학교 대학원,KDMT1200425538,행정청의 재량과 판단여지
264346,2015,김미리,단국대학교,석사,김미리,단국대학교 특수교육대학원,KDMT1201558922,장애학생 취업 후 사후관리 측면에서 본 교사 인식에 대한 질적 연구
902698,2011,오덕은,계명대학교,석사,오덕은,계명대학교 정책대학원,KDMT1201176051,노인대학 내의 사회적 지지가 자아존중감에 미치는 영향에 관한 연구
326228,2007,김수아,수원대학교,석사,김수아,수원대학교 교육대학원,KDMT1200752577,백석 시의 교육 방법 연구
775382,2001,성락주,전북대학교,석사,성락주,전북대학교 대학원,KDMT1200102697,비동기 IMT-2000 시스템의 채널코덱에 관한 성능 분석
479965,2004,김학의,충북대학교,석사,김학의,충북대학교 대학원,KDMT1200412413,C57BL/6 마우스에서 발현한 느타리 버섯 포자에 의한 과민성폐장염
689118,2020,박찬동,계명대학교,석사,박찬동,계명대학교 대학원,KDMT1202031211,온수양생을 통한 콘크리트 조기 압축강도 평가
326317,2000,김수언,경기대학교,석사,김수언,경기대학교 교육대학원,KDMT1200027893,초등학생의 체육활동이 좌우뇌발달에 미치는 효과
528161,2007,남석우,충북대학교,석사,남석우,충북대학교 산업대학원,KDMT1200748622,3차원 지형정보를 이용한 방송시설물의 입지분석
794318,2003,손혜옥,홍익대학교,석사,손혜옥,홍익대학교 교육대학원,KDMT1200356740,통과제의 시각으로 본 계모설화 속 계모 악인 형상의 의미
474347,2021,김태현,인하대학교,박사,Taehyun Kim,인하대학교 대학원,KDMT12021000060925,An exact spectral element method for the dynamic analysis of membranes and plates [전자자료]
1578661,2008,한기원,포항공과대학교,박사,한기원,포항공과대학교 대학원,KDMT1200867147,효소-금속 촉매를 혼용한 아민의 동적 광학 분할에 관한 연구
999535,2010,이경석,목포해양대학교,석사,이경석,목포해양대학교 대학원,KDMT1201074379,X-Band 레이더용 부채형 빔 마이크로스트립 어레이 안테나의 설계와 제작
1524642,2013,최정림,진주교육대학교,석사,최정림,진주교육대학교 교육대학원,KDMT1201579785,민속춤 신체 표현활동이 학습장애 학생의 자아존중감 및 사회적 기술에 미치는 효과
620238,2020,박선영,연세대학교,석사,박선영,연세대학교 교육대학원,KDMT1202052969,신문 『선봉』 연구
1650086,2020,황인우,충북대학교,석사,황인우,충북대학교 대학원,KDMT1202025520,Wide-swing cascode 구조를 적용한 LDO 레귤레이터 설계
870478,2017,안현이,서원대학교,석사,안현이,서원대학교 산업대학원,KDMT1201767191,SNS 특성이 뷰티제품의 소비자태도와 행동의도에 미치는 영향
861626,2016,안수현,고신대학교,석사,안수현,고신대학교 보건대학원,KDMT1201665443,갑상선 수술 후 고음 산출에 대한 환자의 증상과 Vocal Range Profile에 대한 상관관계 연구
1596423,2009,한지아,성균관대학교,석사,한지아,성균관대학교 중국대학원,KDMT1200970814,韓國特許連鎖進入中國市場的戰略
265262,2003,김미수,경북대학교,석사,김미수,경북대학교 대학원,KDMT1200372039,입·퇴원한 알코올중독자의 우울과 금주가능성
1399371,2017,조서희,홍익대학교,석사,조서희,홍익대학교 대학원,KDMT1201734660,국내 디자인 전문회사의 중국 진출 전략방안 연구
1512491,2009,최원선,충북대학교,석사,최원선,충북대학교 행정대학원,KDMT1200953070,사업예산제도 도입에 따른 기대효과 분석 : 충청북도를 중심으로
992817,2013,응포친,숙명여자대학교,석사,응포친,숙명여자대학교 대학원,KDMT1201350766,여성결혼이민자의 관점에서 본 다문화가족 방문교육 참여 경험 연구 : 아동양육지원서비스를 중심으로
813686,2016,승재연,백석대학교,석사,승재연,백석대학교 음악대학원,KDMT1201665915,성악전공자의 실용보컬전공으로 전환과정 연구
840743,2020,신하은,조선대학교,석사,신하은,조선대학교 대학원,KDMT1202017805,재활용 가능한 고방열 고분자 복합소재의 개발
706547,2017,박호준,부산대학교,석사,박호준,부산대학교 대학원,KDMT1201704235,VR 환경을 위한 파노라마 영상에서 사람 영역 제거 및 배경 복원
463544,2015,김채백,가천대학교,석사,김채백,가천대학교 대학원,KDMT1201533715,국내 하천환경 평가체계 개선방안 연구
694872,2010,박태두,한국해양대학교,석사,박태두,한국해양대학교 대학원,KDMT1201022885,Cross-Layer 부호기법을 이용한 Hybrid-ARQ 기반의 협력통신 시스템 연구
294845,2011,김상준,동국대학교,석사,김상준,동국대학교 언론정보대학원,KDMT1201166954,라디오 모금방송프로그램의 청취자 행동 영향요인에 관한 연구 : 불교방송 「거룩한 만남」을 중심으로
585726,2015,박 현,호남대학교,석사,박 현,호남대학교 대학원,KDMT1201507967,"유소년 축구클럽참가아동의 동기, 사회성, 및 또래관계의 관계검증"
1628733,2006,홍용성,전남대학교,석사,홍용성,전남대학교 대학원,KDMT1200609153,유기금속화학기상증착법을 이용한 ZnO 박막제조에서 NO 산소전구체 적용 연구
901128,2008,오경식,동국대학교,석사,오경식,동국대학교 대학원,KDMT1200831571,IEEE 802.15.4 표준안에서 GTS 서비스 지연 시간을 줄이기 위한 GAP 방안의 제안
1114728,2019,이용환,서울대학교,석사,이용환,서울대학교 대학원,KDMT1201922408,부도예측모형을 이용한 건설기업의 부도예측과 구조조정의 효과 : 정부의 건설업 부양 정책 효과와의 비교에 초점을 두어
810449,2019,송초아,경인교육대학교,석사,송초아,경인교육대학교 교육전문대학원,KDMT1201934210,경기도 초등학교 합창부 실태 조사
1012805,2006,이근혜,경희대학교,석사,이근혜,경희대학교 교육대학원,KDMT1200600114,문제해결전략에 따른 문제분석 : 중학교 수학교과 과정을 중심으로
270971,2011,김민구,원광대학교,석사,김민구,원광대학교 행정대학원,KDMT1201167385,경찰활동의 고객만족도 향상방안 연구
1018191,2015,이나혜,이화여자대학교,석사,이나혜,이화여자대학교 대학원,KDMT1201512727,Inactivation of microorganisms in groundwater using intense pulsed light (IPL) system
176419,2007,권금주,이화여자대학교,박사,권금주,이화여자대학교 대학원,KDMT1200767284,노인학대 과정에 관한 연구 : 가해며느리 경험을 중심으로
550306,2011,류다영,한국외국어대학교,석사,류다영,한국외국어대학교 교육대학원,KDMT1201173347,유치원 교사의 이직의도와 근무환경 및 직무 만족도와의 관계연구
384024,2020,김윤호,부산대학교,석사,Yoon Ho Kim,부산대학교 의학전문대학원,KDMT1202046304,Application of convolutional neural network in the gastric mesenchymal tumors on endoscopic ultrasonography images
1589025,2010,한아름,인하대학교,석사,한아름,인하대학교 교육대학원,KDMT1201004819,7차 개정 교과서상의 수학사 내용의 비교분석 [전자자료]
413606,2010,김정식,건국대학교,석사,김정식,건국대학교 행정대학원,KDMT1201056290,친고죄에 관한 형사 사례연구
1167982,2014,이주영,상명대학교,석사,이주영,상명대학교 교육대학원,KDMT1201423095,중학교 교육용 한자 연계를 통한 고등학교 중국어 교육용 한자 교재 개발 방안
399113,2020,김인호,한국과학기술원,박사,Kim | Inho,한국과학기술원,KDMT12021000011009,Tuning of block dispersity and broad dispersity stabilized complex morphologies in AB diblock copolymers
1048831,2008,이보람,인하대학교,석사,이보람,인하대학교 대학원,KDMT1200813102,SUPPORT VECTOR MACHINE을 이용한 생존분석
678821,2005,박준철,인하대학교,석사,박준철,인하대학교 국제통상물류대학원,KDMT1200532001,인천국제공항 개항으로 인한 인천지역 물류 변화와 전망
785225,2007,손미숙,부산대학교,석사,손미숙,부산대학교 교육대학원,KDMT1200752473,과학철학적 관점에 따른 과학탐구능력과 과학적 태도 분석
1653716,2005,황지은,한국외국어대학교,석사,황지은,한국외국어대학교 교육대학원,KDMT1200577363,매체 전이 시 나타나는 서사 요소의 변화 : 소설 《홍고량》과 영화《홍고량》을 중심으로
1020154,2022,이다혜,가톨릭대학교,석사,이다혜,가톨릭대학교 보건대학원,KDMT12022000027618,임종실 이용 만족과 말기 암 환자 및 그 가족들의 삶의 질과의 연관성 : 입원형 호스피스 사별가족 만족도 조사
292588,2017,김상범,서울대학교,박사,김상범,서울대학교 융합과학기술대학원,KDMT1201762534,Caspase-8-dependent exosomic secretion of lysyl-tRNA synthetase from inflammatory cancer
1204322,2013,이행화,경성대학교,석사,이행화,경성대학교 교육대학원,KDMT1201352747,부모-자녀 의사소통이 고등학생의 또래관계 친밀감에 미치는 영향 : 부모-자녀 친밀감과 자기효능감의 매개효과
323091,2012,김소진,이화여자대학교,석사,김소진,이화여자대학교 교육대학원,KDMT1201218530,반복학습이 음악 선호도에 미치는 영향 : 2009 개정 교육과정 감상영역을 중심으로
299398,2016,김석진,연세대학교,석사,Seok Jin Kim,연세대학교 대학원,KDMT1201614093,Effects of Al₂O₃ on MoS₂ electrical properties deposited by atomic layer deposition
1290522,2010,장효리,동국대학교,석사,장효리,동국대학교 교육대학원,KDMT1201045998,연암 박지원의 한시 연구
1441890,1999,주희경,동덕여자대학교,석사,주희경,同德女子大學校 大學院,KDMT1199919952,일상적 이미지의 형상화에 관한 연구 : 섬유를 이용한 작품제작을 중심으로
983648,1998,윤종욱,한국과학기술원,석사,윤종욱,韓國科學技術院,KDMT1199822853,내재된 금리옵션(플로어)을 통한 연금보험 ALM
340218,2020,김아름,고려대학교,석사,Ah Reum Kim,고려대학교 대학원,KDMT1202022770,One-pot synthesis of functionalized 2-quinolones via copper-catalyzed three-component reaction
1273629,2011,장영숙,건양대학교,석사,장영숙,건양대학교 대학원,KDMT1201119752,"낙상으로 입원한 노인의 낙상 특성, 일상생활수행능력과 우울에 대한 연구"
1519556,2000,최의선,광운대학교,석사,최의선,광운대학교 대학원,KDMT1200028667,(1-x)MgTiO₃-xSrTiO₃ 세라믹스의 마이크로파 유전특성에 관한 연구
387032,2014,김은수,한국과학기술원,석사,Kim | Eunsoo,한국과학기술원,KDMT1201669503,"Enhancement of doxorubicin sensitivity in breast cancer cells by protopanaxadiols, biologically active metabolites in ginseng"
633305,2007,박수정,원광대학교,박사,박수정,원광대학교 대학원,KDMT1200716214,당뇨병 환자와 건강인의 맥상과 사상체질에 관한 연구
1281568,2017,장정민,인하대학교,석사,장정민,인하대학교 대학원,KDMT1201741332,지속가능한 PDL-PLLA multi-arm 블록 공중합체 구조의 열가소성 탄성체 합성 [전자자료]
482053,2007,김한진,금오공과대학교,석사,김한진,금오공과대학교 산업대학원,KDMT1200702495,구소삼각지역에서 지적측량에의 활용을 위한 수치정사사진 생성 및 정확도 분석
1179671,2020,이지은,연세대학교,석사,이지은,연세대학교 교육대학원,KDMT1202052962,시민단체의 통일역사교육 현황과 개선방안 : 통일교육협의회 회원단체를 중심으로
1396724,2008,조민희,상명대학교,석사,조민희,상명대학교 예술·디자인대학원,KDMT1200862218,몰리에르 「서민귀족」무대의상 연구
1268888,2019,장성민,숭실대학교,석사,장성민,숭실대학교 대학원,KDMT1201952172,AHP를 이용한 Robotic Process Automation 도입요인의 우선순위 분석 : 국내 보험사를 중심으로
150218,2020,고승모,건국대학교,석사,고승모,건국대학교 건축전문대학원,KDMT1202019154,충정아파트를 대상으로 한 도심 내 근대건축물 활용 계획
947246,2016,유수선,서울대학교,석사,유수선,서울대학교 행정대학원,KDMT1201667857,"Income insecurity of the elderly, 1998-2013"
194349,2011,권택민,한국과학기술원,박사,권택민,한국과학기술원,KDMT1201141607,기상측정을 위한 고진동 둔감 특성 광섬유 점회절 간섭계
715070,2004,방한영,청주대학교,박사,방한영,청주대학교 대학원,KDMT1200428715,농촌활성화를 위한 지역유산 활용 및 마을만들기에 대한 연구
1287082,2018,장한길,단국대학교,석사,장한길,단국대학교 교육대학원,KDMT1201938819,코퍼스를 기반으로 한 고등학교 영어 교과서 읽기·듣기 자료의 어휘 분석
1000820,2018,이경아,제주대학교,석사,이경아,제주대학교 교육대학원,KDMT1201825134,스테이션 교수(Station Teaching)를 활용한 초등 영어 지도의 효과
178646,2004,권명진,울산대학교,석사,권명진,울산대학교 대학원,KDMT1200410028,자체 키 생성 방식을 사용한 RIJNDAEL 알고리즘의 파이프라인 구조 설계
1098428,2005,이양우,공주대학교,석사,이양우,공주대학교 교육대학원,KDMT1200555194,고등학생의 정치의식에 관한 조사 연구
1072762,2005,이성원,서울시립대학교,석사,이성원,서울시립대학교 대학원,KDMT1200559015,자동 조절 인장장치에 의한 압축 분산형 앵커의 적용성
779689,2006,성창환,대구대학교,석사,성창환,대구대학교 대학원,KDMT1200633916,경북 영천시 도시공간구조의 변천에 관한 연구
1296333,2014,전봉기,서울시립대학교,석사,전봉기,서울시립대학교 도시과학대학원,KDMT1201451148,Enclosure Integrity Test 사례분석을 통한 가스계소화설비 신뢰성 확보에 관한 연구
1016805,2007,이기훈,한양대학교,석사,이기훈,한양대학교 대학원,KDMT1200722390,체적을 고려한 하이포이드 기어의 최적 설계
130895,2017,강은지,숙명여자대학교,석사,강은지,숙명여자대학교 대학원,KDMT1201708956,스캠퍼(SCAMPER) 기법을 활용한 초등학교 한국무용교육프로그램 개발 및 적용
660866,2018,박재승,경성대학교,박사,박재승,경성대학교 대학원,KDMT1201852960,성인척추질환자의 발균형 및 보행형태에 대한 운동역학적 분석
1129730,2012,이은자,경북대학교,석사,이은자,경북대학교 대학원,KDMT1201217082,야생콩과 재배콩 교잡을 통한 사료용 콩 선발 및 특성검정
334521,2019,김승곤,한국교통대학교,석사,김승곤,한국교통대학교 교통대학원,KDMT1201923586,IoT 기술을 활용한 KTX 화장실 악취 평가
631504,2017,박송이,군산대학교,석사,박송이,군산대학교 대학원,KDMT1201735746,인지행동 미술심리상담이 아동의 자아존중감과 행복감에 미치는 영향
1019778,2015,이다애,성균관대학교,석사,이다애,성균관대학교 대학원,KDMT1201514259,"광고모델과 패션제품의 유형, 유행관여도가 광고태도에 미치는 영향"
1481297,2003,최길수,충남대학교,박사,최길수,충남대학교 대학원,KDMT1200324937,점성유체 삼상순환유동층에서의 기체-액체 물질전달 및 기포 특성
1350240,2011,정원일,한국방송통신대학교,석사,정원일,한국방송통신대학교 평생대학원,KDMT1201167631,초등학교 경제교육 활성화를 위한 이러닝 시스템의 설계 및 구현
1040848,2007,이민경,이화여자대학교,석사,이민경,이화여자대학교 대학원,KDMT1200767406,의료사회복지사의 소진 보호요인에 관한 연구
1234199,2009,임미영,가톨릭대학교,석사,임미영,가톨릭대학교 대학원,KDMT1200900439,Metagenome library에서의 D-serine 생합성을 위한 신규효소 분리
968984,2017,윤명숙,국민대학교,석사,윤명숙,국민대학교 행정대학원,KDMT1201705357,DUR(Drug Utilization Review: 의약품처방조제지원서비스) 사용자의 일반적 특성과 평가가 사용자 만족도에 미치는 영향 : 공공의료기관을 중심으로
115764,2006,강명원,충북대학교,석사,강명원,충북대학교 산업대학원,KDMT1200602921,정제 Sesame oil의 항산화성의 화학적 거동
1643571,1998,황성원,동아대학교,석사,황성원,東亞大學校 大學院,KDMT1199838493,대학생의 취업스트레스에 관한 연구
1587986,2013,한승연,이화여자대학교,석사,한승연,이화여자대학교 디자인대학원,KDMT1201365808,브랜드 이미지 통합 전략에 따른 C.I 개발연구 : 외식 프랜차이즈 '더 본 코리아'를 중심으로
1067497,2007,이선영,한양대학교,석사,이선영,한양대학교 대학원,KDMT1200759829,이원배치 분산분석 모형에서 오차분산의 다단계 베이즈 추정량의 허용성
615523,2011,박상원,고려대학교,석사,Sang Won Park,고려대학교 대학원,KDMT1201161622,Fabrication and characterization of conventional method SiNW FET biosensor
273459,2020,김민수,한양대학교,석사,Minsoo Kim,한양대학교 대학원,KDMT1202038334,Development of autonomous loaded-catalysts phase-transfer assay for diagnosis
1183273,2012,이진규,경희대학교,석사,이진규,경희대학교 대학원,KDMT1201235230,Zn-containing ionic liquids as catalysts for the coupling reactions of epoxides and CO₂
501404,2008,김혜림,충북대학교,석사,김혜림,충북대학교 대학원,KDMT1200836110,스테로이드 성호르몬이 돼지의 지방전구세포의 증식과 분화에 미치는 영향
193590,2010,권칠선,순천향대학교,석사,권칠선,순천향대학교 대학원,KDMT1201006538,고분자와 산 첨가에 의한 탄산칼슘 결정
1215299,2016,이혜민,성결대학교,석사,이혜민,성결대학교 신학전문대학원,KDMT1201661658,예성교단 청년 새신자 양육 프로그램 방안 연구
265974,2004,김미애,강남대학교,석사,김미애,강남대학교 교육대학원,KDMT1200428924,마인드 맵 기법을 통한 학습장애아 독해력 신장에 관한 연구
110385,2003,강강원,한남대학교,석사,강강원,한남대학교 경영대학원,KDMT1200363069,군 급식지원향상방안에 관한 연구: 인력운용을 중심으로
480914,2018,김한들,홍익대학교,박사,김한들,홍익대학교 대학원,KDMT1201827682,低電壓 BLDC 電動機의 消費 電流 및 토크 리플 最小化 硏究
1115703,2013,이우영,경기대학교,석사,이우영,경기대학교 건설·산업대학원,KDMT1201336515,GPS망 형태에 따른 성과의 정확도 비교에 관한 연구
624116,2007,박성영,아주대학교,석사,박성영,아주대학교 교육대학원,KDMT1200768009,수학 학습부진아의 흥미유발 및 태도 변화를 위한 수업 구안 사례 연구
1275190,2010,장용업,한국과학기술원,박사,장용업,한국과학기술원,KDMT1201053382,무선 통신에서의 양방향 및 세방향 릴레이 통신
307206,1999,김성규,인하대학교,석사,金晟奎,仁荷大學校 産業大學院,KDMT1199905569,자동 중증도 분류를 이용한 의료기관 선정 지원 시스템
1650535,2002,황인희,한국교원대학교,석사,황인희,한국교원대학교 대학원,KDMT1200222742,프로젝트 중심 학습을 적용한 고등학교 수준별 영어 수업에 관한 연구
1090450,2015,이승우,중앙대학교,석사,이승우,중앙대학교 산업·창업경영대학원,KDMT1201518282,예비창업자들의 경영전략시뮬레이션게임을 활용한 창업교육이 창업의지에 미치는 영향
481489,2007,김한수,원광대학교,석사,김한수,원광대학교 대학원,KDMT1200766407,M&A의 규제에 관한 고찰
1120557,2014,이유리,충남대학교,석사,이유리,충남대학교 대학원,KDMT1201437471,제브라피쉬를 이용한 갈근의 항당뇨망막병 효능검색
765387,2019,서진선,성공회대학교,박사,서진선,성공회대학교 대학원,KDMT1201920857,협동조합 출자금의 자기자본-부채 분류 및 가중평균자본비용에 관한 연구 : iCOOP소비자생활협동조합을 중심으로
972960,2011,윤선미,중앙대학교,석사,윤선미,중앙대학교 대학원,KDMT1201158041,'집'을 찾는 여정으로서 가출 : 청소녀들의 장기 가출 경험 연구
1453019,2011,진종원,용인대학교,석사,진종원,용인대학교 교육대학원,KDMT1201157669,노인의 수중운동참여에 따른 생활만족도의 차이
1112645,2013,이용수,배재대학교,석사,이용수,배재대학교 대학원,KDMT1201313697,숲유치원에 대한 유치원 학부모와 교원의 인식 및 요구에 관한 연구
1399146,2011,조상호,한세대학교,석사,조상호,한세대학교 경영대학원,KDMT1201168620,지방자치단체 발생주의 회계처리에 대한 업무특성별 인지도 연구 : 경기도 지역을 중심으로
1102674,2002,이영민,서강대학교,석사,이영민,서강대학교 대학원,KDMT1200235380,생명보험계약 유지율 개선을 위한 실증연구
1096805,1999,이신휘,한국교원대학교,석사,이신휘,韓國敎員大學校 大學院,KDMT1199927566,천주교 교우촌의 토지 확보와 운용 : 안성과 그 주변 지역을 중심으로
557641,2012,류현숙,창원대학교,석사,류현숙,창원대학교 사회복지대학원,KDMT1201207945,사회복지통합관리망 사례관리자의 실천 단계별 업무수행 관련 요인 : 경상남도 사례관리 담당자를 중심으로
380378,2012,김유훈,서울대학교,석사,김유훈,서울대학교 대학원,KDMT1201281185,2기 신도시 입주민들의 이주요인 : 기성신도시 이주자와 신도시 이외지역 이주자들을 대상으로
566358,2009,문미라,제주대학교,석사,문미라,제주대학교 대학원,KDMT1200918478,근현대 화교의 제주도 정착과정과 사회적 위상
1587544,2003,한숙향,숙명여자대학교,석사,한숙향,숙명여자대학교 대학원,KDMT1200309796,박용래 시 연구
599972,2009,박동선,한신대학교,석사,박동선,한신대학교 대학원,KDMT1200952302,성곽을 통해서 본 5세기 고구려의 지방지배체제
145267,2002,고귀자,부경대학교,석사,고귀자,부경대학교 대학원,KDMT1200245431,셀룰라 오토마타에 기초한 오류 정정 부호
923458,2010,왕서,인하대학교,석사,왕서,인하대학교 정보통신대학원,KDMT1201005419,Kad 네트워크에서 게임 이론을 바탕으로 한 인센티브 메커니즘
1314234,2009,정계현,대전대학교,석사,정계현,대전대학교 대학원,KDMT1200908908,"프리셉터가 지각한 직무스트레스, 자기효능감, 의사소통과 업무수행과의 관계"
509824,2010,김화영,서울대학교,석사,김화영,서울대학교 대학원,KDMT1201063110,Studies on development of preantral follicle cultures system in mice and cattle
1214469,2002,이혜교,강원대학교,석사,이혜교,강원대학교 산업대학원,KDMT1200242605,유한요소해석에 의한 콘크리트 인발 부양강도 측정조건에 관한 연구
1523574,2018,최재해,성균관대학교,박사,최재해,성균관대학교 국정전문대학원,KDMT1201820656,감사원 역할의 변화 추이에 관한 연구 : 1949~2016년 감사결과 분석을 중심으로
1174189,1999,이중복,안동대학교,석사,李仲馥,安東大學校 大學院,KDMT1199917410,油類를 분해하는 토양미생물의 분리 및 분해활성
1536678,2004,최철회,창원대학교,석사,최철회,창원대학교 대학원,KDMT1200436135,침지식 부직포 여재 활성슬러지 공정의 적정 운전 방안과 시스템 처리 특성에 관한 연구
390433,2010,김은주,건국대학교,박사,김은주,건국대학교 대학원,KDMT1201015915,부동산펀드 성과와 특성에 관한 연구
1112607,2001,이용성,한양대학교,석사,이용성,한양대학교 대학원,KDMT1200129115,전자상거래 웹 사이트 개발 디자인 연구 : 비주얼 인터페이스를 중심으로
1200685,2010,이학,호남대학교,석사,이학,호남대학교 대학원,KDMT1201035540,지하수 흐름의 해석해에 의한 토양증기추출 해석
861574,2016,안수진,서울대학교,석사,안수진,서울대학교 대학원,KDMT1201620635,지적장애학생의 적응행동 특성 분석
268198,2009,김미정,영남대학교,석사,김미정,영남대학교 대학원,KDMT1200931582,어린이 영양교육용 웹기반 식품선택 프로그램 개발
133728,2008,강종원,제주대학교,석사,강종원,제주대학교 산업대학원,KDMT1200865165,확장 가능한 무인 음성 서비스 플랫폼 설계 및 구현
1652343,2016,황조,건국대학교,석사,황조,건국대학교 대학원,KDMT1201632019,풍수이론과 생태건축이론의 비교연구
826011,2016,신수정,서울교육대학교,석사,신수정,서울교육대학교 교육전문대학원,KDMT1201602701,초등사회과 교육과정에 나타난 인간안보 구성요소 분석
889756,2019,양희찬,전북대학교,석사,양희찬,전북대학교 대학원,KDMT1201910745,병리학 지식의 신경회로망 학습에 의한 유방암 진단
677165,2016,박주희,연세대학교,석사,박주희,연세대학교 교육대학원,KDMT1201615413,초등학교 초임교사가 인식하는 멘토링 효과가 직무만족도에 미치는 영향 : 서울특별시교육청을 중심으로
1406933,2022,조아정,부경대학교,석사,조아정,부경대학교 대학원,KDMT12022000010197,탄소나노소재의 나노구조제어를 통한 고성능 에너지 저장 소자 응용 연구
485211,2003,김현경,충남대학교,석사,김현경,충남대학교 교육대학원,KDMT1200305676,웹기반의 야외지질학습 프로그램 개발 및 활용
356095,1998,김영자,건국대학교,석사,김영자,建國大學校 敎育大學院,KDMT1199806495,초등학교 아동이 지각한 어머니의 양육태도와 학업성취와의 상관 연구
1128489,2016,이은신,서울교육대학교,석사,이은신,서울교육대학교 교육전문대학원,KDMT1201640248,초등 2학년 통합교과 : 인성중심 음악 활동 지도 방안
868568,2005,안지훈,포항공과대학교,박사,안지훈,포항공과대학교 대학원,KDMT1200510306,나노분말을 이용한 Al2O3-TiO2 플라즈마 용사코팅층의 마모특성연구
359479,2005,김영포,한국항공대학교,석사,김영포,한국항공대학교 대학원,KDMT1200520330,지역관리 방식을 이용한 Mobile IP 네트워크의 Smooth Handoff 성능 향상
1021366,2021,이대은,연세대학교,석사,DaEun Lee,연세대학교 대학원,KDMT12021000047799,OB-awKDE : online memory management biased learning in nonstationary imbalance classification
126585,2016,강애경,제주국제대학교,석사,강애경,제주국제대학교 사회복지임상치료대학원,KDMT1201664080,청소년의 학업 스트레스와 부모-자녀 의사소통이 스마트폰 중독에 미치는 영향
433051,2017,김주영,세종대학교,석사,Joo Young Kim,세종대학교 대학원,KDMT1201746778,Utilization and characterization of vegetable oil oleogels for baked products low in saturated fat
1368341,2012,정지훈,인하대학교,석사,정지훈,인하대학교 대학원,KDMT1201251508,"성장기 청소년의 상체 근력감소지수와 최고악력, 비만도의 관계 [전자자료]"
1043488,2013,이민혁,대구교육대학교,석사,이민혁,대구교육대학교 교육대학원,KDMT1201335205,2008 개정 교육과정에 따른 6학년 초등영어 교재에 나타난 문화 내용 분석
1115335,2003,이우범,광운대학교,석사,이우범,광운대학교 정보통신대학원,KDMT1200366303,Conversion Tracking Monitoring 시스템 설계 및 구현
1322934,2021,정명은,부산대학교,석사,정명은,부산대학교 교육대학원,KDMT12021000040411,창의융합 미술수업을 위한 VR 수업모형
465012,1998,김철완,성균관대학교,석사,金哲完,成均館大學校 敎育大學院,KDMT1199829300,初等學校 英語 敎材·敎具의 活用 方法 硏究
1000188,2015,이경숙,상명대학교,석사,이경숙,상명대학교 대학원,KDMT1201531034,협동 디지털참고서비스의 질문 분석 : 국립중앙도서관의 '사서에게 물어보세요'를 중심으로
472965,2011,김태의,충남대학교,석사,김태의,충남대학교 대학원,KDMT1201107325,Characterization of root endophytic actinobacteria from native herbaceous plants
531385,2016,남지하,한양대학교,석사,남지하,한양대학교 기술경영전문대학원,KDMT1201601740,이동통신 네트워크 인프라 시장에서 기업의 기술전략 고찰 : 에릭슨 & 화웨이 사례 연구
1284090,2010,장지유,아주대학교,석사,장지유,아주대학교 교육대학원,KDMT1201007099,드라마기법을 활용한 Skit학습이 말하기·듣기능력에 미치는 영향 연구
551705,2003,류상희,울산대학교,석사,류상희,울산대학교 대학원,KDMT1200310889,e-Business에서의 효율적인 보안체계 구현 방안
308620,2021,김성미,숙명여자대학교,석사,김성미,숙명여자대학교 교육대학원,KDMT12021000046553,형태초점 의사소통 교수법에 따른 2015 개정 중학교 영어교과서 분석
1172420,2011,이준우,조선대학교,석사,이준우,조선대학교 대학원,KDMT1201126110,The identification of growth factors contained in platelet rich fibrin
845249,2003,신희돈,목포대학교,석사,신희돈,목포대학교 교육대학원,KDMT1200305132,사전 편찬에서의 동음어와 다의어의 구별에 대한 연구 : 용언의 경우
708005,2009,박효영,조선대학교,석사,박효영,조선대학교 교육대학원,KDMT1200934415,한국인 일본어 학습자를 위한 한자교육에 관한 고찰 : 제7차 교육과정의 일본어 교육서 Ⅰ를 중심으로
174565,2004,국미경,경희대학교,석사,국미경,경희대학교 교육대학원,KDMT1200448157,ICT를 활용한 성교육이 초등학교 고학년 아동의 성지식과 태도에 미치는 효과
409214,2020,김정곤,건국대학교,석사,김정곤,건국대학교 예술디자인대학원,KDMT1202047251,소비자 구매 행동 변화에 대응하는 드럭스토어 리뉴얼 전략에 관한 연구 : 올리브영을 중심으로
171782,1999,구용걸,협성대학교,석사,구용걸,協成大學校 經營情報大學院,KDMT1199903944,한국교회의 자원봉사조직 모형개발에 관한 연구
110715,2012,강경민,경북대학교,석사,강경민,경북대학교 대학원,KDMT1201217140,망막중심정맥폐쇄와 동반된 망막동맥폐쇄의 임상양상
554327,1999,류인록,충북대학교,석사,류인록,忠北大學校 敎育大學院,KDMT1199904620,교류분석 프로그램이 초등학생들의 자아개념과 사회성의 변화에 미치는 영향
1502375,2022,최승원,부경대학교,박사,Sungwon Choi,부경대학교 대학원,KDMT12022000010342,Forward and reverse retrieval algorithm between surface temperature and near surface air temperature through deep neural network model
442688,1999,김지영,계명대학교,석사,김지영,啓明大學校 大學院,KDMT1199905979,화훼의 표현에 관한 연구 : 본인의 작품을 중심으로
618936,2005,박석희,부산대학교,석사,박석희,부산대학교 국제대학원,KDMT1200506706,동북아 신지역주의와 도시협력 : 한국의 울산과 중국의 장춘을 중심으로
287141,2016,김보영,한국교원대학교,석사,김보영,한국교원대학교 대학원,KDMT1201605418,자원봉사활동을 통한 성인의 전환학습에 관한 연구 : 장애인 대상 경험을 중심으로
1394588,2009,조문현,숙명여자대학교,석사,조문현,숙명여자대학교 정책·산업대학원,KDMT1200951645,종업원 참여 수준 확대를 통한 제안제도 활성화에 관한 연구
693120,2019,박철웅,영남대학교,박사,박철웅,영남대학교 대학원,KDMT1201932511,국내 에너지 수요 및 환경에 관한 연구 : 도시가스 수요함수 추정 및 환경쿠즈네츠가설 검정
972974,2000,윤선민,계명대학교,석사,윤선민,계명대학교 대학원,KDMT1200039688,한국 가톨릭 미사곡의 변천과 현황
1607955,1998,허영빈,부산대학교,석사,허영빈,釜山大學校 敎育大學院,KDMT1199835797,Wickelgren의 관점에서 본 수학적 문제해결에 관한 연구
1356003,2018,정의범,고려대학교,박사,정의범,고려대학교 대학원,KDMT1201851517,An integrated theory of supply network disruption risk built upon social and Bayesian network analysis
761309,2003,서재홍,영남대학교,석사,서재홍,영남대학교 대학원,KDMT1200370227,AODV에서 유연한 연결성 지원 방법
1444706,2012,지부용,울산대학교,석사,지부용,울산대학교 산업대학원,KDMT1201205851,대장암 환자의 교육 이해도에 따른 교육 요구도 조사
490056,2000,김현의,계명대학교,석사,김현의,계명대학교 교육대학원,KDMT1200038404,발달에 적합한 체육 교육 프로그램이 유아의 지각-운동능력에 미치는 효과
1026594,2005,이동윤,한국과학기술원,박사,이동윤,한국과학기술원,KDMT1200545370,메시기반의 공구경로생성에 관한 연구
490367,2019,김현정,건국대학교,석사,김현정,건국대학교 건축전문대학원,KDMT1201905315,죽은 자에 대한 '관리'와 '애도' 사이 : 우수저류지를 활용한 도시형 마을 추모공원 계획
1604109,2001,허광희,성신여자대학교,석사,허광희,성신여자대학교 교육대학원,KDMT1200109191,한국화 감상을 통한 실기지도 연구 : 중학교 1학년을 중심으로
728915,2008,백금선,경희대학교,석사,백금선,경희대학교 대학원,KDMT1200865604,"스티커 침을 이용한 경혈지압이 항암화학요법을 받는 환자의 오심, 구토, 식욕부진에 미치는 효과"
569686,2007,문수진,단국대학교,석사,문수진,단국대학교 특수교육대학원,KDMT1200714182,음악놀이 프로그램이 정신지체아의 주의집중 신장에 미치는 효과
119796,2017,강보경,한국교통대학교,석사,강보경,한국교통대학교 대학원,KDMT1201711228,여과형 비점오염원 시설의 최적 역세조건 연구
1276982,2010,장유진,계명대학교,석사,장유진,계명대학교 교육대학원,KDMT1201073151,구성주의 관점에 따른 수학 교과서 비교 분석 : 수학Ⅱ 이차곡선 단원 중심으로
712378,2011,방동광,충남대학교,석사,方東光,충남대학교 대학원,KDMT1201107185,한국 언론의 '조선족'담론 변화와 정체성의 정치학
983580,2004,윤종순,영남대학교,석사,윤종순,영남대학교 경영대학원,KDMT1200462477,광고 카피 유형과 표현에 관한 연구
157757,2019,고태훈,부경대학교,박사,고태훈,부경대학교 대학원,KDMT1201904817,Geo-fencing을 이용한 효율적인 선박 해상통신 자동전환 연구
136483,2017,강찬순,서울대학교,박사,강찬순,서울대학교 대학원,KDMT1201762142,A study of microstructures and defects induced by non-uniform lithiation in crystalline silicon for Li ion batteries
1494811,2006,최선미,성신여자대학교,석사,최선미,성신여자대학교 대학원,KDMT1200612097,Zolt?n Kod?ly의 <민요편곡가곡(Magyar N?pzene IX)>에 관한 연구
872277,2011,안희정,명지대학교,석사,안희정,명지대학교 사회교육대학원,KDMT1201178478,진로교육프로그램이 전문계고등학생의 자기효능감과 성취동기에 미치는 영향
808774,2018,송지수,경희대학교,석사,송지수,경희대학교 대학원,KDMT1201921595,재실자요소를 활용한 건물에너지모델의 수동보정 사례연구
816692,2018,신나리,가천대학교,석사,신나리,가천대학교 대학원,KDMT1201918578,노인의 치면세균막 성숙도에 영향을 미치는 요인 : 손 기능을 중심으로
1315049,2012,정광호,동아대학교,석사,정광호,동아대학교 법무대학원,KDMT1201307986,공익사업을 위한 주거용 무허가건축물 취득에 따른 손실보상규정의 개선방안에 관한 연구
1650130,2022,황인자,부경대학교,박사,황인자,부경대학교 대학원,KDMT12022000010347,양자전이 비행시간형 질량분석기를 활용한 미량 다 성분 악취분석 및 원인물질 연구
574567,2000,문중성,서강대학교,석사,문중성,서강대학교 대학원,KDMT1200055224,최고경영자의 가치관이 기업문화를 통해 기업성과에 미치는 영향에 관한 연구 : 중소기업을 중심으로
298794,2005,김석순,목포대학교,석사,김석순,목포대학교 교육대학원,KDMT1200526131,광주지역 고등학교 관악부 운영실태에 대하여
861455,2008,안수완,한양대학교,석사,안수완,한양대학교 공학대학원,KDMT1200859211,AHP(Analytic Hierarchy Process)를 활용한 단지내 교량구조형식 결정방안에 관한 연구
1474137,2022,具本正,성균관대학교,석사,具本正,성균관대학교 유학대학원,KDMT12022000053530,茶山 丁若鏞의 茶文化 認識 硏究
537660,2007,노영우,서강대학교,석사,노영우,서강대학교 영상대학원,KDMT1200720904,박물관 및 미술관 홍보조직 진단 및 발전 방안 제언을 위한 프로젝트 연구 : 우수홍보조직 모델을 중심으로
860578,1999,안성희,중앙대학교,석사,안성희,中央大學校 大學院,KDMT1199942125,IMF에 따른 임차가구의 주택소비 행태분석에 관한 연구 : 서울시 전세가구를 중심으로
904442,2013,오민욱,동의대학교,석사,오민욱,동의대학교 대학원,KDMT1201350063,서사영화에 이식 된 앤디 워홀의 영화 미학 : 구스 반 산트의 '라스트 모멘트 3부작'을 중심으로
1319660,2010,정대성,중앙대학교,석사,정대성,중앙대학교 교육대학원,KDMT1201073728,컴퓨터 음악프로그램을 통한 창작지도법에 대한 연구 : 초등학교 4학년을 중심으로
867202,2018,안주란,안동대학교,석사,안주란,안동대학교 대학원,KDMT1201836376,연령별 표제음악 제목 알아맞히기 능력에 대한 연구 : 경북 지역 학생 중심으로
1596305,2017,한지선,이화여자대학교,석사,한지선,이화여자대학교 교육대학원,KDMT1201720088,의식상승 기법이 한국 성인 학습자의 영어 문법 학습 및 태도에 미치는 영향 : 능격동사 및 중간동사를 중심으로
1126421,2002,이은경,성신여자대학교,석사,이은경,성신여자대학교 대학원,KDMT1200263438,"노인의 죽음불안에 영향을 미치는 성격특성, 내외통제성 및 대처방식"
1259231,2006,장경미,총신대학교,석사,장경미,총신대학교 교육대학원,KDMT1200675891,주 5일 학교수업에 대비한 토요 교회학교 교회 공과 연구 : 문학수업을 중심으로
744456,2002,부소영,경기대학교,박사,부소영,경기대학교 대학원,KDMT1200250567,기획축제의 관광지 이미지에 관한 영향 분석
977389,2013,윤연주,한양대학교,석사,윤연주,한양대학교 대학원,KDMT1201332708,지역 문화콘텐츠산업의 쟁점과 전망 : 광주 아시아문화중심도시 조성사업을 중심으로
603764,2011,박문석,서울대학교,박사,박문석,서울대학교 대학원,KDMT1201156318,GalT 유전자 파괴 생쥐에 돼지 이종골 이식시 alpha-galactosidase 처리를 이용한 alpha-gal 항원의 감소가 골유합에 미치는 영향
343441,2000,김연,이화여자대학교,석사,김연,이화여자대학교 대학원,KDMT1200040383,이전가격세제 연구
645078,2013,박영현,서울대학교,석사,Young Hyun Park,서울대학교 대학원,KDMT1201326996,Study on the manipulation of bone marrow-derived stromal cells for the isolation of mesenchymal stem cells in rats
1323030,2021,정명준,인하대학교,석사,정명준,인하대학교 대학원,KDMT12021000060936,페어링 되지 않는 이미지에서 Global Dilation Block과 Edge Loss를 이용한 안개제거 GAN [전자자료]
161751,2018,공현준,부산대학교,석사,공현준,부산대학교 대학원,KDMT1201804627,MoO₃ 단결정 육성 및 환원시킨 MoO_3-x_ 단결정의 물리적 특성
435022,2008,김주희,건국대학교,석사,김주희,건국대학교 건축전문대학원,KDMT1200834204,전자상거래방식에 대응하는 물리적 공간 제안 : 동대문 의류 인터넷 쇼핑몰을 중심으로
644727,2021,박영채,홍익대학교,석사,박영채,홍익대학교 대학원,KDMT12021000032078,광역버스 환승정류장의 유니버설디자인 가이드라인에 관한 연구
443997,2008,김지예,한남대학교,석사,김지예,한남대학교 교육대학원,KDMT1200853407,각종 역설들에 대한 이해
351978,2000,김영소,서울교육대학교,석사,김영소,서울교육대학교 교육대학원,KDMT1200031989,오류분석을 통한 초등영어 발음지도 연구: 초등학교 5학년 아동을 대상으로
1332041,2016,정선민,서울대학교,박사,정선민,서울대학교 대학원,KDMT1201621075,Study on novel regulators of amyloid beta generation in response to ER stress and hypoxia
1516706,2002,최은경,부산대학교,석사,최은경,부산대학교 대학원,KDMT1200207154,Influence of estrogen and polyamines on mifepristone-induced apoptosis in LNCaP cells
616143,2020,박상준,아주대학교,박사,Sang Jun Park,아주대학교 대학원,KDMT1202042458,Ratiometric two-photon fluorescence probes for carboxylesterase activity and cellular polarity
442571,2015,김지영,경기대학교,석사,김지영,경기대학교 교육대학원,KDMT1201549257,농촌 지역 중학생의 독서실태 분석 : 여주 지역 소규모 중학교를 중심으로
470887,2010,김태엽,성균관대학교,석사,김태엽,성균관대학교 대학원,KDMT1201069582,반도체 라인의 효율적인 계측을 위한 자동 계측 샘플링 방식에 관한 연구
507584,2005,김홍기,공주대학교,석사,김홍기,공주대학교 대학원,KDMT1200503869,고분용 HVAC System의 운전특성 고찰
933438,2022,원명재,아주대학교,석사,원명재,아주대학교 공공정책대학원,KDMT12022000048674,공동주택 분양 시 선택품목(옵션) 결정요인 분석
328966,2021,김수지,서울교육대학교,석사,김수지,서울교육대학교 교육전문대학원,KDMT12021000036418,키워드 추출 자동화에 기반한 정보영재교육 연구패턴 분석
871131,2006,안혜숙,가톨릭대학교,박사,안혜숙,가톨릭대학교 대학원,KDMT1200658643,"Inhibition of the cloned delayed rectifier K+ channels, Kv1.5 and Kv3.1, by Riluzole"
1371414,2014,정찬휘,한국과학기술원,석사,정찬휘,한국과학기술원,KDMT1201466617,반도체 공정에서 시간 제약 하에 병렬 설비를 갖는 연속 배치 공정의 스케줄링 연구
203554,2018,김가은,부경대학교,석사,Gaeun Kim,부경대학교 대학원,KDMT1201806161,Impact of horizontal resolution on summer monsoon precipitation simulation over the Korean Peninsula using two-way nesting method
797982,2000,송명진,인하대학교,석사,송명진,인하대학교 교육대학원,KDMT1200011362,교육방송 프로그램 시청 후 교사의 보충지도가 수학 학습부진아의 학업성취에 미치는 영향
1203772,2013,이해윤,연세대학교,석사,이해윤,연세대학교 대학원,KDMT1201323835,중국의 현행 초등학교 어문교과서의 한자교육 연구
1015575,2006,이기자,건국대학교,석사,이기자,건국대학교 교육대학원,KDMT1200600847,원격교육의 학습 참여도 향상을 위한 학습 성과에 관한 연구
248107,2018,김동욱,한국과학기술원,석사,김동욱,한국과학기술원,KDMT1201924439,복권 성향 주식 선호현상을 활용한 저베타 이상현상 검증
262008,2006,김문철,한국과학기술원,석사,김문철,한국과학기술원,KDMT1200652826,평면유로 층내의 표면 장력에 의한 직렬 단위 셀의 충전과 분리 및 고전압 액체 전해질 미소 전지의 구성에 관한 연구
214373,2013,김경훈,원광대학교,석사,김경훈,원광대학교 교육대학원,KDMT1201362540,볼링장 이용자들의 라이프 스타일과 참여방법이 여가만족에 미치는 영향
890189,1998,어영선,부경대학교,석사,魚瑛善,釜慶大學校 産業大學院,KDMT1199835356,수중불분리콘크리트의 최적 물-시멘트비에 관한 실험적 연구
1394054,2013,조명현,연세대학교,석사,조명현,연세대학교 공학대학원,KDMT1201351581,해외 투자개발사업의 리스크 요인 및 중요도 분석 : 개발도상국 사례를 중심으로
217893,2008,김광순,광운대학교,석사,Kwangsoon Kim,광운대학교 대학원,KDMT1200800793,A Bandwidth tunable baseband analog with DC offset cancellation for DVB-H application
311373,2003,김성용,건국대학교,석사,김성용,건국대학교 부동산대학원,KDMT1200355890,상가건물의 임대수익 제고전략에 관한 연구: 울산광역시 소형상가 임차인들의 요구분석을 중심으로
1025538,2004,이동연,포항공과대학교,석사,이동연,포항공과대학교 대학원,KDMT1200414512,벼의 spikelet meristem과 꽃기관의 identity를 조절하는 SLENDER-NECKED SPIKELET1(SNS1) 연구
137037,1999,강철민,경북대학교,석사,강철민,慶北大學校 大學院,KDMT1199922739,大學校 本館 Facade의 形態的 特性에 관한 硏究
539686,2011,노재희,서강대학교,박사,노재희,서강대학교 영상대학원,KDMT1201114695,직물의 버클링 현상을 모델링한 삼각메쉬 기반의 파티클 시스템
250532,2001,김동현,경북대학교,석사,김동현,경북대학교 대학원,KDMT1200132614,"1,3,5-Trisubstituted-2,4,6-trialkylbenzene 유도체의 합성과 특성"
1201443,2011,이한길,이화여자대학교,석사,이한길,이화여자대학교 대학원,KDMT1201133507,Stereoselective synthesis of 4'-selenopurine nucleosides as potential A₃ adenosine receptor ligands
636330,1999,박승구,서강대학교,석사,박승구,서강대학교 대학원,KDMT1199947373,Interpretations of the quantifier many
110760,2001,강경범,성균관대학교,박사,강경범,성균관대학교 대학원,KDMT1200126363,원굉도산문연구
1253380,2007,임청삼,전북대학교,석사,임청삼,전북대학교 교육대학원,KDMT1200749065,중학교 듣기 시험 구성타당도 분석
924352,2019,왕용군,영산대학교,석사,왕용군,영산대학교 미용·예술대학원,KDMT1201959827,실담범자(悉曇梵字)의 디지털화를 위한 글자 프레임 모델에 관한 연구 : 실담십팔장(悉曇十八章)을 중심으로
1082702,2018,이수정,인하대학교,석사,이수정,인하대학교 물류전문대학원,KDMT1201851190,옴니채널 유통환경에서 온라인 구매·점포수취 체계 결정요인에 관한 연구 [전자자료] : AHP의 적용
225582,2006,김기선,전남대학교,석사,김기선,전남대학교 대학원,KDMT1200682269,DSP 제어기를 사용한 혼합형 랜덤 펄스폭 변조(HRPWM)기법
884759,2018,양종훈,금오공과대학교,석사,양종훈,금오공과대학교 대학원,KDMT1201800230,AZ31B 마그네슘 합금 판재의 고온 마찰 특성 연구
1633755,2009,홍진경,한국외국어대학교,석사,Jin Kyung Hong,한국외국어대학교 대학원,KDMT1200952293,Community structure of total and nitrifying Bacteria in Yellow Sea continental shelf sediment
979325,2007,윤용호,홍익대학교,석사,윤용호,홍익대학교 산업미술대학원,KDMT1200759303,커뮤니케이션 기여도의 관점에서 본 데페이즈망 기법의 광고효과 연구 : 칸느 광고대상 2002~2006년 인쇄부문 수상작을 중심으로
771871,2012,선우양,건국대학교,석사,선우양,건국대학교 산업대학원,KDMT1201257234,골근테라피가 20∼30대 여성 피부탄력 및 얼굴사이즈 변화에 미치는 영향
1356463,2015,정이기,부경대학교,석사,정이기,부경대학교 경영대학원,KDMT1201540653,한국형 히든챔피언 정책의 비교분석과 제언
1416973,2003,조은정,성균관대학교,석사,조은정,성균관대학교 대학원,KDMT1200322427,유아를 위한 정보책의 인식과 활용 실태 : 유치원·어린이집 교사를 대상으로
927254,2019,우덕건,서울과학기술대학교,박사,우덕건,서울과학기술대학교 나노IT디자인융합대학원,KDMT1201925222,실내 자율주행차를 위한 백색 LED마커 적용에 관한 연구
1507992,2020,최영태,강원대학교,석사,최영태,강원대학교 대학원,KDMT1202027771,신뢰성 해석에 의한 무역항 및 연안항 경사제의 월파량 분석
1639730,2004,황명훈,건국대학교,박사,황명훈,건국대학교 대학원,KDMT1200466605,기온의 차이가 지구성운동의 에너지대사 및 호르몬변화에 미치는 영향
1396026,2011,조민수,경희대학교,석사,조민수,경희대학교 대학원,KDMT1201108367,Axelrod 모형의 상전이 현상
487218,2002,김현수,경북대학교,석사,김현수,경북대학교 대학원,KDMT1200238465,Vanadium(Ⅴ)-Peroxodipicolinate 착물의 핵자기공명 분광학적인 연구
1232584,2013,임동섭,조선대학교,석사,임동섭,조선대학교 산업대학원,KDMT1201319689,Inset-fed 안테나를 갖는 렉테나에 관한 연구
1324293,2001,정미경,한양대학교,석사,정미경,한양대학교 행정대학원,KDMT1200140947,간호업무 전산화에 따른 간호사의 인식과 업무효율성에 대한 연구
858199,2005,안병애,국민대학교,석사,안병애,국민대학교 교육대학원,KDMT1200534367,역할놀이를 통한 집단상담 프로그램이 초등학생의 자아존중감에 미치는 영향
715761,2008,배경근,동아대학교,석사,배경근,동아대학교 대학원,KDMT1200832051,내진 성능의 증분동적해석을 위한 비선형 약산법의 비교 검토
1146475,2014,이재호,한국과학기술원,석사,이재호,한국과학기술원,KDMT1201669528,고굴절률 유전층을 이용한 그래핀 기반 유기발광다이오드의 광 효율 향상
384546,2021,김윤희,울산대학교,석사,김윤희,울산대학교 산업대학원,KDMT12021000056117,간호사의 지식공유 활동과 조직 커뮤니케이션 만족
1269626,2000,장성홍,경기대학교,석사,장성홍,경기대학교 교육대학원,KDMT1200027901,검도경기규정의 변천에 관한 연구
573973,2013,문종연,동국대학교,석사,문종연,동국대학교 문화예술대학원,KDMT1201371979,점토매체를 활용한 저소득가정 아동의 집단미술치료 사례연구
1047565,2009,이병철,한국과학기술원,박사,이병철,한국과학기술원,KDMT1200979199,진화정보를 이용한 단백질 기능 잔기 예측에 관한 연구
950673,2004,유영임,국민대학교,석사,유영임,국민대학교 문예창작대학원,KDMT1200400269,빛
719406,2015,배성근,중부대학교,석사,배성근,중부대학교 원격대학원,KDMT1201579681,고등학생 진로진학의사결정 분석 연구 : 인천광역시 일반고 3학년 학생 중심으로
776515,2009,성선희,경기대학교,석사,성선희,경기대학교 서비스경영전문대학원,KDMT1200909701,귀금속·보석 브랜드 개성 측정에 관한 연구
915270,2017,오종은,중앙대학교,석사,오종은,중앙대학교 대학원,KDMT1201750673,아동이 지각한 아버지와의 의사소통이 문제행동에 미치는 영향 : 공감능력의 매개효과를 중심으로
1038413,2008,이미애,중앙대학교,석사,이미애,중앙대학교 대학원,KDMT1200872622,가리봉동 중국거리에서의 조선족 여성의 위치성에 대한 문화·지리적 연구
1545776,1998,최희연,아주대학교,석사,최희연,亞洲大學校 大學院,KDMT1199823289,R&D 인력에 있어서 집단보상시스템의 수용태도에 대한 연구
1104711,2010,이영애,동국대학교,석사,이영애,동국대학교 불교문화대학원,KDMT1201058941,장례식장의 분향실 개선방안에 관한 연구
954908,1999,유재익,감리교신학대학교,석사,유재익,監理敎神學大學校 大學院,KDMT1199909062,안락사에 대한 기독교윤리학적 연구
1057987,2003,이상은,충남대학교,석사,이상은,충남대학교 대학원,KDMT1200324472,The Survey of canine dirofilariasis and differential diagnosis of microfilaria
389864,2013,김은정,숙명여자대학교,석사,Eun Jung Kim,숙명여자대학교 TESOL대학원,KDMT1201311275,A multi-perspective approach to investigating perceptions of English immersion programs in South Korea
1454376,2015,진효천,전북대학교,박사,陳曉?,전북대학교 대학원,KDMT1201539444,청도 보세항구의 자유무역지역 전환을 위한 효율성 및 전략에 관한 연구
246017,2000,김동선,안동대학교,석사,김동선,안동대학교 대학원,KDMT1200032624,버터플라이 밸브를 지나는 고속기체유동에 관한 수치해석
1242016,2016,임영빈,건국대학교,박사,임영빈,건국대학교 대학원,KDMT1201632403,초등수학 학습에서의 구체와 추상
502969,2012,김혜영,동아대학교,석사,김혜영,동아대학교 대학원,KDMT1201236890,트레드밀 운동이 고지방 식이 유도 비만 쥐의 장딴지 근육 인슐린 신호 경로에 미치는 영향
278830,2015,김민호,한국과학기술원,석사,Kim | Minho,한국과학기술원,KDMT1201553039,A three-phase transmitting line of wireless charging electric vehicle system for reduction of leakage electromagnetic field
234248,2004,김남훈,중앙대학교,박사,김남훈,중앙대학교 대학원,KDMT1200468944,Semi Abrasive Free Slurry 개발에 의한 Copper CMP 공정 개선에 관한 연구
975748,2008,윤수진,조선대학교,석사,윤수진,조선대학교 교육대학원,KDMT1200808084,음악극 활동이 유아의 친 사회성에 미치는 영향
1653337,2015,황지애,서울대학교,석사,황지애,서울대학교 대학원,KDMT1201526656,협동의?풍경 : iCOOP(아이쿱)생협?조합원들의?윤리적?소비?경험과?'협연'의?형성과정
1117905,2011,이원석,서울대학교,박사,이원석,서울대학교 대학원,KDMT1201125277,북송대 인성론 연구
1012497,1999,이근욱,전남대학교,석사,이근욱,全南大學校 敎育大學院,KDMT1199924074,상업계 고교생의 직업 가치관에 관한 연구
131057,2014,강은희,경성대학교,석사,강은희,경성대학교 교육대학원,KDMT1201468993,캐릭터가면을 활용한 퍼포먼스 미술수업방안연구 : 중학교 2학년 과정을 중심으로
970661,2001,윤병철,동아대학교,박사,윤병철,동아대학교 대학원,KDMT1200108821,Survival of mice from thioacetamide-induced hepatic failure by expressiom of adenoviral construct encoding human hepatocyte growth factor
1268710,2010,장성국,순천대학교,석사,장성국,순천대학교 대학원,KDMT1201006390,순천만의 계절별 수질 및 퇴적물 특성에 관한 연구
971768,2005,윤상필,전주대학교,석사,윤상필,전주대학교 교육대학원,KDMT1200575880,실업 씨름선수들의 단기간 체중감량이 체력 및 체성분에 미치는 영향
1283957,2017,장지용,한서대학교,석사,장지용,한서대학교 국제예술디자인대학원,KDMT1201767444,중국 안휘성 대학 교육시설에서 나타난 휘파건축 양식 표현에 관한 연구
1402134,2014,조성은,포항공과대학교,석사,조성은,포항공과대학교 대학원,KDMT1201408574,초음파 Analog Front End용 단일 스테이지의 35dB-선형적 특성을 갖는 디지털 제어 가변 이득 증폭기
1007476,2014,이광우,동국대학교,석사,이광우,동국대학교 불교대학원,KDMT1201456084,명상이 교대근무 직장인의 스트레스 대처와 심박변이도에 미치는 영향 연구
1603066,2016,허 동,경희대학교,석사,허 동,경희대학교 대학원,KDMT1201610528,슬관절 전치환술을 통한 슬관절 내반 교정 후 발생하는 족관절 및 후족부 정렬 변화에 대한 방사선학적 분석
1426018,2022,조천미,영남대학교,박사,조천미,영남대학교 대학원,KDMT12022000059569,"한국어 이해 교육에서의 학습자 변인 연구 : 학습전략, 언어 불안, 학습 환경을 중심으로"
1127933,2013,이은성,전남대학교,석사,이은성,전남대학교 대학원,KDMT1201337244,중도 지체장애인의 삶에 대한 생애사적 연구
711109,2017,반선아,순천향대학교,석사,반선아,순천향대학교 대학원,KDMT1201721860,대장암 세포에서 암유전자인 PRSS33의 세포 기능 연구와 대장암 환자에서 PRSS33 발현의 임상적인 유의성
576254,2006,문필동,원광대학교,박사,문필동,원광대학교 대학원,KDMT1200649149,Inhibitory effect of Hyungbangjihwangtang on LPS-induced inflammatory cytokine production in PBMCs
1571299,2017,하승인,서강대학교,박사,하승인,서강대학교 경영전문대학원,KDMT1201836472,중소기업 간접금융 정책효과에 대한 연구 : 표본선택편의 해결을 위한 성향점수매칭 방법을 중심으로
1250305,2009,임준희,건국대학교,석사,임준희,건국대학교 건축전문대학원,KDMT1200900676,근대 산업유산의 재생·활용을 위한 산업박물관 계획에 관한 연구 : 당인리 화력발전소를 중심으로
1328792,2010,정복자,대구대학교,석사,정복자,대구대학교 교육대학원,KDMT1201034998,"부모양육태도, 또래관계의 질과 휴대폰 사용행동의 관계 : 초등학생을 대상으로"
581633,2000,민성기,동아대학교,석사,민성기,동아대학교 대학원,KDMT1200028996,법률서비스시장 개방에 관한 연구
814514,2018,신경선,서울과학기술대학교,박사,신경선,서울과학기술대학교 대학원,KDMT1201806121,친환경 공간구성을 위한 건축녹화공간 유형론에 관한 연구
1606020,2001,허상돈,전북대학교,석사,허상돈,전북대학교 행정대학원,KDMT1200139791,한국언론의 지역주의 보도에 관한 연구 : 영·호남 지방일간지 분석을 중심으로
663547,2011,박정경,고려대학교,석사,박정경,고려대학교 교육대학원,KDMT1201163790,교사의 논평이 학생들의 고쳐쓰기 활동에 미치는 영향 분석 : 고등학생의 '설득하는 글' 쓰기를 중심으로
1653178,2010,황중호,한국해양대학교,석사,황중호,한국해양대학교 대학원,KDMT1201022897,경량기포토의 역학적 특성에 관한 연구
578910,2022,민경산,한세대학교,박사,민경산,한세대학교 대학원,KDMT12022000050579,폴 틸리히의 실존신학과 상처 입은 내면아이에 대한 치료적 가능성 연구
621300,2014,박선혜,한국교원대학교,석사,박선혜,한국교원대학교 교육대학원,KDMT1201469437,학습동기 강화를 위한 스토리텔링 수학 학습자료 개발 및 적용
625795,2004,박성진,서울시립대학교,석사,박성진,서울시립대학교 도시과학대학원,KDMT1200425441,수동식소화기에 사용되는 청정소화약제에 관한 비교 연구
1127473,2021,이은별,연세대학교,석사,이은별,연세대학교 대학원,KDMT12021000003305,데이터 퀄리티 향상을 통한 비정형 의료 텍스트의 정보 추출 성능 개선
912793,2007,오은주,숙명여자대학교,석사,오은주,숙명여자대학교 대학원,KDMT1200764679,특성복합체와 성취목표지향성간의 관계
831136,2008,신원식,경희대학교,석사,신원식,경희대학교 대학원,KDMT1200827108,Pattern Recognition을 이용한 자동차 정체 예측 시스템 개발
747929,1999,서규열,부경대학교,박사,서규열,釜慶大學校 大學院,KDMT1199904540,경제성 평가를 이용한 선망어선의 최적선단구성 및 주요요목 결정에 관한 연구
224294,2013,김기곤,단국대학교,석사,김기곤,단국대학교 경영대학원,KDMT1201333643,"외식 소비자의 프랜차이즈 인식이 점포이미지 및 신뢰성, 충성도에 미치는 영향"
1485568,2009,최명옥,영남대학교,석사,최명옥,영남대학교 교육대학원,KDMT1200964821,홀리스틱 교육 관점에서의 유아 감성계발을 위한 교육활동 개발
141235,2012,강호종,충북대학교,석사,강호종,충북대학교 대학원,KDMT1201209278,상온 단전자 트렌지스터의 신뢰도 향상을 위한 공정 방법의 개선
476125,2016,김태훈,아주대학교,석사,김태훈,아주대학교 교육대학원,KDMT1201657602,교사효능감과 소진의 관계에서 개인주의 성향의 중재효과
961731,2007,유현근,단국대학교,석사,유현근,단국대학교 교육대학원,KDMT1200756866,초등학생의 개인·가정·학교 변인이 학교폭력에 미치는 영향
1624516,2005,홍성철,부경대학교,석사,홍성철,부경대학교 대학원,KDMT1200507211,양극 산화법으로 합성된 산화알루미늄 나노튜브 형틀의 형상 조절과 응용
311017,1999,김성열,명지대학교,석사,金聖烈,明知大學校 社會敎育大學院,KDMT1199909327,地域社會內 敎會의 役割에 關한 硏究
697798,2005,박해숙,영남신학대학교,석사,박해숙,영남신학대학교 대학원,KDMT1200534951,August Hermann Francke의 신학인식과 교회봉사 실천의 상관관계 고찰
190070,2011,권이경,이화여자대학교,석사,권이경,이화여자대학교 대학원,KDMT1201162448,구조화된 코퍼스와 학습자 맞춤형 코퍼스 활용이 대학생 학습자의 영어쓰기와 태도에 미치는 영향
1073763,2008,이성준,한림대학교,석사,이성준,한림대학교 대학원,KDMT1200813684,심박변이도와 호흡주기의 상관관계 계수 분석에 의한 자율신경기능 평가에 관한 연구
211289,2005,김경은,한양대학교,석사,김경은,한양대학교 대학원,KDMT1200561039,해금 연주법 분석 연구 : 이성천 작곡 해금 독주곡 36번 <황소의 언덕>에 기하여
1206375,2006,이현무,목원대학교,석사,이현무,목원대학교 신학대학원,KDMT1200604002,길선주의 「만ㅅ셩츄」연구
446370,2005,김지찬,동아대학교,석사,김지찬,동아대학교 대학원,KDMT1200537914,생활 쓰레기 재활용을 위한 RDF 제조에 관한 연구
539025,2013,노이현,공주대학교,석사,노이현,공주대학교 대학원,KDMT1201312414,다양한 에폭사이드를 이용한 이산화탄소 기반 폴리알킬렌카보네이트의 중합연구
999548,2001,이경석,서강대학교,석사,이경석,서강대학교 대학원,KDMT1200147911,중단된 사업부문의 공시실태와 정보효과
831859,2018,신윤미,홍익대학교,석사,신윤미,홍익대학교 대학원,KDMT1201827575,기술이전 사업화 관련 정책 분석을 통한 기술이전 사업화 활성화 방안에 관한 연구
864285,2015,안윤정,서울대학교,석사,Yoonjung Ahn,서울대학교 대학원,KDMT1201577774,Estimating Korean pine(Pinus koraiensis) habitat distribution considering climate change uncertainty : using species distribution models and RCP scenarios
770336,2014,석은정,경희대학교,석사,석은정,경희대학교 교육대학원,KDMT1201462141,소프트볼 지도자 리더십 유형이 선수만족과 경기력에 미치는 영향
307871,1998,김성덕,부산대학교,석사,김성덕,釜山大學校 大學院,KDMT1199809877,결측치로 인한 이간격 시계열 분석 연구
1601436,2016,함미란,고려대학교,석사,함미란,고려대학교 대학원,KDMT1201623729,Chemical Hazard And Risk Management(CHARM)의 평가방법에 따른 유해성 등급 비교
1520139,1999,최인묵,한양대학교,석사,최인묵,漢陽大學校 大學院,KDMT1199923778,前燒結 GPSSN의 緻密化 및 微細構造에 미치는 影響
1168513,2011,이주용,한양대학교,석사,이주용,한양대학교 대학원,KDMT1201117149,최근 10년간 비뇨생식기 결핵의 임상적 특성
1181857,2019,이지혜,이화여자대학교,석사,이지혜,이화여자대학교 교육대학원,KDMT1201960023,시각적 심상중심 음악감상 프로그램을 통한 여성 암 환자의 불안감소 사례
781758,2012,소순구,전북대학교,박사,소순구,전북대학교 대학원,KDMT1201222258,Studies on the phylogeny and conservation biology of Bletilla striata
1282092,2017,장정현,경기대학교,박사,장정현,경기대학교 대학원,KDMT1201721197,우리나라 고등학교 3학년 학생의 인성이 지위비행에 미치는 영향에 관한 연구 : 인성평가요인을 중심으로
670760,2014,박종덕,가천대학교,석사,박종덕,가천대학교 산업·환경대학원,KDMT1201466689,댄스클럽의 화재안전성 확보를 위한 연구
313755,2018,김성준,서울과학기술대학교,석사,김성준,서울과학기술대학교 주택도시대학원,KDMT1201806083,해외건설시장 진출 확대를 위한 저개발 국가 공업화 사회주택 유형분석 및 평가
629086,2012,박세환,강릉원주대학교,석사,박세환,강릉원주대학교 대학원,KDMT1201264100,티타늄 표면에 형성된 구강 바이오필름에 대한 광역학 치료의 효과
987696,2014,윤태정,경기대학교,석사,윤태정,경기대학교 관광전문대학원,KDMT1201413378,관광목적지에 대한 모바일관광정보의 신뢰성이 관광목적지만족과 재방문 의도에 미치는 영향 : 관광목적지이미지와 관광목적지애착의 매개효과
1375771,2022,정한철,경희대학교,석사,鄭漢喆,경희대학교 대학원,KDMT12022000022763,Euscaphic acid의 산화 스트레스 조절 효과
713076,2007,방성운,경인교육대학교,석사,방성운,경인교육대학교 교육대학원,KDMT1200769867,초등학생의 인스턴트 메신저 이용과 대인관계 성향과의 관계
1276029,2002,장원경,동국대학교,석사,장원경,동국대학교 불교대학원,KDMT1200264199,종합병원 이용환자의 의료서비스 만족도 연구
1324105,2007,정미경,계명대학교,석사,정미경,계명대학교 교육대학원,KDMT1200720797,"만 5세의 형제 성별 구성에 따른 형제관계의 질, 사회적 능력 및 정서능력의 차이"
989160,2015,윤현철,부산대학교,박사,윤현철,부산대학교 대학원,KDMT1201510046,RCP 시나리오 기반 Blue Water Development를 활용한 청정 수자원 확보 방안 연구 : Blue Reservoir를 중심으로
185941,1998,권영채,광운대학교,석사,권영채,光云大學校 大學院,KDMT1199839513,멀티미디어 서비스를 위한 MPEG-4 동적 BIFS 발생기에 관한 연구
1018423,2014,이남,광주여자대학교,석사,이남,광주여자대학교 사회개발대학원,KDMT1201457923,AHP 기법을 적용한 SNS 품질요인 및 SNS 매체 평가에 관한 연구
963103,2016,유혜인,성균관대학교,석사,유혜인,성균관대학교 대학원,KDMT1201612693,아동대상 지역사회서비스투자사업의 서비스 품질이 이용자 만족도에 미치는 영향에 관한 연구 : 위계선형모형(HLM)을 이용한 분석
993175,2011,이 송,서울대학교,석사,이 송,서울대학교 대학원,KDMT1201124153,Tyrosinase inhibitory activity and antioxidative activity of caffeoyl-amino acid-hydroxamic acid and antioxidative activity of caffeoyl-proline dipeptide
1139412,2008,이재광,인하대학교,박사,이재광,인하대학교 대학원,KDMT1200812800,C1 액체연료전지를 위한 지속가능 전극촉매 개발
468013,2020,김탄,서울대학교,석사,김탄,서울대학교 대학원,KDMT1202064028,기업 경쟁우위 전략으로서의 기업사회책임
1052418,2012,이상근,서울과학기술대학교,석사,이상근,서울과학기술대학교 IT정책전문대학원,KDMT1201203934,지상파방송 디지털 전환 후 여유 주파수 수요공급 분석에 관한 연구
1601488,2015,함민주,서강대학교,석사,함민주,서강대학교 기술경영전문대학원,KDMT1201549240,내부협력과 공급사통합이 신제품 개발 성과에 미치는 영향 : 환경동태성의 조절효과
898526,2001,염상원,순천향대학교,석사,염상원,순천향대학교 대학원,KDMT1200105617,RP장비를 이용한 뇌모형 제작용 3차원 모델링의 최적화
664488,2008,박정민,경남대학교,석사,박정민,경남대학교 교육대학원,KDMT1200839484,쿠르트 슈비터스(Kurt Schwitters)의 메르즈(Merz) 연구
288436,2012,김봉근,동서대학교,석사,김봉근,동서대학교 디자인&IT전문대학원,KDMT1201202641,대용량 데이터전송을 위한 IP SAN 보안환경 설계
1147003,2014,이재훈,고신대학교,박사,이재훈,고신대학교 대학원,KDMT1201430571,Highly bioadhesive glue as novel hemostatic and wound healing biomaterial
448892,2003,김지혜,한양대학교,석사,김지혜,한양대학교 대학원,KDMT1200361550,관광개발에 대한 지역언론의 보도경향 분석: 강원지역 신문을 중심으로
876744,2020,양서인,건국대학교,석사,양서인,건국대학교 건축전문대학원,KDMT1202019165,서울시 역세권 청년주택의 도시·건축적 특징분석과 개선방안 연구 : 서대문구 대현동 합병 필지를 대상으로
1501966,2012,최승묵,건양대학교,석사,최승묵,건양대학교 보건복지대학원,KDMT1201200127,허베이 스피리트호 유류 유출사고 군인 방제작업자 급성 건강영향조사 결과
415590,1999,김정운,목포대학교,석사,김정운,木浦大學校 大學院,KDMT1199933553,한국 자생차(Camellia sinensis L.)의 주요특성과 교잡염성에 관한 연구
837299,2010,신준섭,한양대학교,석사,신준섭,한양대학교 대학원,KDMT1201013159,조직문화유형과 코칭리더십이 조직몰입과 직무만족에 미치는 영향
296097,2005,김상현,울산대학교,석사,김상현,울산대학교 대학원,KDMT1200554018,관상동맥 조영술을 시행한 환자에서 동맥경화성 신동맥 협착증의 자연경과
636022,2000,박순홍,울산대학교,석사,박순홍,울산대학교 대학원,KDMT1200019307,불화알킬 메타아크릴레이트를 이용한 발수·발유제의 합성
245340,2001,김동로,충북대학교,석사,김동로,충북대학교 경영대학원,KDMT1200159305,원산지 단서가 제품평가에 미치는 영향 : 재료원산지 이미지를 중심으로
1096605,2005,이신정,경성대학교,석사,이신정,경성대학교 대학원,KDMT1200568899,성인 소비자의 화폐태도 유형별 여가소비생활에 관한 연구
385184,2012,김은경,부산대학교,석사,김은경,부산대학교 대학원,KDMT1201213387,주식시장 네트워크에서 클러스터링 기법 응용 연구
1126232,2018,이은경,남부대학교,박사,이은경,남부대학교 대학원,KDMT1201903064,피부 생리활성을 나타내는 천연복합혼합물을 함유한 화장품 제조 및 임상 효과
750537,2012,서문석,연세대학교,석사,서문석,연세대학교 경제대학원,KDMT1201253885,한국의 단기기준금리에 대한 연구 : 3개월 변동금리대출금을 중심으로
1625179,2007,홍세미,서강대학교,석사,홍세미,서강대학교 교육대학원,KDMT1200751988,7차 교육과정 시 교육 방법 연구 : 교과서 '학습목표'와 '학습활동'을 중심으로
423718,2018,김종덕,한국해양대학교,석사,김종덕,한국해양대학교 해양금융·물류대학원,KDMT1201910270,해외직구물품 급증에 따른 통관제도 개선방안 연구
1023810,2010,이동권,서울대학교,박사,이동권,서울대학교 대학원,KDMT1201029548,Thermodynamic and kinetic analysis of microstructure evolution of nanoparticle and bulk materials
897361,2006,연인모,한양대학교,석사,연인모,한양대학교 대학원,KDMT1200626710,파일럿 분사시기 변화에 따른 직분식 디젤엔진의 연소 특성
949518,2015,유연숙,강남대학교,박사,유연숙,강남대학교 사회복지전문대학원,KDMT1201573015,사회복지사가 경험한 윤리적 갈등과 윤리적 의사결정의 의미구조 : 위버만의 객관적 해석학 방법으로
1111318,2011,이용경,충북대학교,박사,이용경,충북대학교 대학원,KDMT1201167901,4-O-methylhonokiol의 알츠하이머 치매 개선 효과
1370604,2015,정진환,서울대학교,석사,정진환,서울대학교 대학원,KDMT1201526896,Computational?Thinking?Game을?통한?패턴일반화?수학교육
1127078,2010,이은모,충남대학교,석사,이은모,충남대학교 대학원,KDMT1201020617,충격하중을 받는 철골구조물의 동특성을 활용한 구조건전성 평가기법
230150,2006,김길혜,서강대학교,석사,김길혜,서강대학교 언론대학원,KDMT1200659214,"배우훈련 방법에 관한 메소드(Methods) 비교 연구 : Lee Strasberg, Stella Adler, Sanford Meisner를 중심으로"
936927,2004,위세창,가톨릭대학교,석사,위세창,가톨릭대학교 대학원,KDMT1200465203,"방사광을 이용한 Zn_1-x_T_x_O_1-δ_(T=Co, Fe) 자성 반도체 산화물의 전자구조 연구"
571973,2002,문은석,전주대학교,석사,문은석,전주대학교 선교신학대학원,KDMT1200267570,고린도전서 15장에 나타난 부활의 수사학적 연구
383313,2008,김윤주,중앙대학교,석사,김윤주,중앙대학교 대학원,KDMT1200872448,"가중치 추출기법의 비교 : AHP, JA및 Swing 기법을 중심으로"
502615,2016,김혜연,가천대학교,박사,김혜연,가천대학교 대학원,KDMT1201628129,Study for IMP2/3 in metastasis of triple-negative breast cancer and screening of invadopodia inhibitor for development of therapeutics
1180062,2018,이지은,한양대학교,석사,Jieun Lee,한양대학교 대학원,KDMT1201819019,Fabrication and characterization of soft electrochromic device using viologen as an electrochromic material
172489,2004,구자승,광주과학기술원,석사,구자승,광주과학기술원,KDMT1200436218,고분자/카본 나노튜브 복합체 박막의 탈적심 및 확산 역학에 관한 연구
1444598,2012,지민호,충남대학교,박사,지민호,충남대학교 대학원,KDMT1201222588,"Process, structure and properties of wet-spun carbon nanotube composite fibers"
226162,2004,김기연,경북대학교,박사,김기연,경북대학교 대학원,KDMT1200446070,노화에 있어서 CD95와 산화 스트레스의 영향
876690,2014,양서광,우석대학교,석사,양서광,우석대학교 경영행정문화대학원,KDMT1201431828,중국 소셜커머스 고객의 불만족과 불평행동에 관한 연구
1527702,2020,최종근,상지대학교,석사,최종근,상지대학교 대학원,KDMT1202011003,저수로 물길조성과 복원기법을 통한 어류의 서식처 변화 분석
184140,2007,권승영,배재대학교,석사,권승영,배재대학교 정보통신대학원,KDMT1200703225,한국의 네트워크전 대응전략에 관한 연구
1009803,2008,이귀정,한국교원대학교,석사,이귀정,한국교원대학교 교육대학원,KDMT1200822778,자기평가를 도입한 문제 풀이과정의 비교 및 분석 : 지수·로그 실생활 문제 중심으로
984311,2010,윤주현,서울대학교,석사,윤주현,서울대학교 치의학대학원,KDMT1201029003,치과 보철 교합의 원칙과 응용
493719,2013,김현진,서울대학교,석사,김현진,서울대학교 대학원,KDMT1201373195,대식세포와 비교한 혈관내피 전구세포의 신생혈관형성에 대한 연구
575874,2001,문철영,고신대학교,석사,문철영,고신대학교 신학대학원,KDMT1200130951,김용옥교수의 노자 강의 비판
244853,2002,김동규,한국교원대학교,석사,김동규,한국교원대학교 교육대학원,KDMT1200223737,초등학생의 과학적 경험과 인지갈등과의 상관관계
1630439,2007,홍인석,명지대학교,석사,홍인석,명지대학교 대학원,KDMT1200770784,레티놀 유도체의 효율적 합성법과 자기조립능력에 관한 연구 ; 다양한 치환체를 가진 분자도선의 합성에 관한 연구
751897,2003,서범열,강원대학교,석사,서범열,강원대학교 산업대학원,KDMT1200366719,GIS와 RS를 이용한 전철역의 영향권 분석 및 위치선정
1618652,2005,홍금진,충남대학교,석사,홍금진,충남대학교 교육대학원,KDMT1200555225,충남 중소도시 청소년의 우유섭취실태와 섭취증진방안 연구
1195628,2019,이충연,고려대학교,석사,이충연,고려대학교 임상치의학대학원,KDMT1201966657,류마티스 환자의 골 신티그래피를 활용한 턱관절의 영상소견 : 턱관절 질환의 위험인자로서 류마티스 질환
701070,2013,박현정,중앙대학교,석사,박현정,중앙대학교 교육대학원,KDMT1201361525,은희경 소설의 여성주의적 양상 연구 : 1990년대 작품을 중심으로
379891,2004,김유진,이화여자대학교,석사,김유진,이화여자대학교 대학원,KDMT1200431885,남북한 경제협력과  동북아 경제권 형성의 상호관계 및 기대효과 : 제도적 안정성 확보를 중심으로
1546043,2015,최희정,서원대학교,석사,최희정,서원대학교 교육대학원,KDMT1201579006,타악 합주 교수 지도 방안 연구 : 고등학생을 중심으로
1188221,2015,이찬원,경일대학교,석사,이찬원,경일대학교 산업경영대학원,KDMT1201502380,FDS를 이용한 공동주택 급기가압 제연설비 효율성에 대한 연구
1355975,2013,정의룡,연세대학교,박사,정의룡,연세대학교 대학원,KDMT1201363629,근로연계 복지정책의 효과성 분석 : 한국을 중심으로
1378058,2003,정현아,대전대학교,석사,정현아,대전대학교 대학원,KDMT1200316619,수종 한약재의 치아미백 효과에 관한 실험적 연구
1548934,2020,칸구오신,경북대학교,석사,칸구오신,경북대학교 대학원,KDMT1202045568,조류인플루엔자(AI)퇴치용 댐 전용 어도시설물 연구
724839,2001,배종효,인하대학교,석사,배종효,인하대학교 대학원,KDMT1200104675,측지선 알고리즘을 이용한 막구조물의 재단도 생성
506395,2008,김호연,경북대학교,석사,김호연,경북대학교 대학원,KDMT1200835046,"음원(아날로그, 디지털)이 배추의 생육 및 식물호르몬(GA, ABA, JA) 함량 변화에 미치는 영향"
1269494,2006,장성택,한국교원대학교,석사,장성택,한국교원대학교 교육대학원,KDMT1200641731,중학교 체육수업에서 개별화수업모형의 효과
1631568,2010,홍정은,전주교육대학교,석사,홍정은,전주교육대학교 교육대학원,KDMT1201010831,교원능력개발평가에 관한 초등학교 교원의 인식 연구 : 전라북도 시범선도 학교를 대상으로
710779,2017,박힘찬,고려대학교,석사,박힘찬,고려대학교 보건대학원,KDMT1201742664,유해화학물질 안전교육의 학습관련요인이 학습/전이 효과에 미치는 영향
1216931,2016,이혜인,대구가톨릭대학교,석사,이혜인,대구가톨릭대학교 대학원,KDMT1201639009,암세포 표적지향성 광역학치료용 나노전달체 개발
317214,2004,김성훈,경희대학교,석사,김성훈,경희대학교 대학원,KDMT1200426688,Neural Oscillatory Network를 이용한 이동물체 추출에 관한 연구
1570469,2006,하선희,동아대학교,석사,하선희,동아대학교 대학원,KDMT1200634590,관능성 단량체를 가진 아크릴계 다중 Core-Shell 복합입자의 제조와 특성에 관한 연구
393454,2018,김은희,연세대학교,석사,김은희,연세대학교 대학원,KDMT1201863060,일 종합병원 간호사의 영성과 임종간호태도에서 공감역량의 매개효과
1225826,1999,이희두,전북대학교,석사,이희두,全北大學校 大學院,KDMT1199902332,GRASS에 기반한 Web-GIS 시스템 모델과 활용
865294,2004,안재민,성균관대학교,석사,안재민,성균관대학교 교육대학원,KDMT1200422173,정보기술 교사연수의 체계성 확보를 위한 방안에 관한 연구
548196,2015,락차,호서대학교,석사,락차,호서대학교 대학원,KDMT1201507622,인신매매 방지를 위한 국제적 대응방안에 관한 연구
1366445,2002,정지연,포항공과대학교,석사,정지연,포항공과대학교 대학원,KDMT1200262436,오리나무 뿌리혹에서 발현되는 dicarboxylate 수송체 Ag196에 관한 연구
1325783,2013,정민경,광운대학교,석사,정민경,광운대학교 상담복지정책대학원,KDMT1201335124,청소년의 주말여가활동 특성이 진지한 여가 정도에 미치는 영향
1145745,2022,이재현,국민대학교,석사,李在晛,국민대학교 자동차공학전문대학원,KDMT12022000011231,차량 파라미터 추정 알고리즘 개발 및 샤시제어 적용에 관한 연구
800339,2008,송서철,장로회신학대학교,석사,송서철,장로회신학대학교 교육대학원,KDMT1200812634,참된 '그리스도인 됨' 을 위한 제자교육
1534584,2006,최진일,숭실대학교,석사,최진일,숭실대학교 대학원,KDMT1200615920,워크플로우의 재사용성과 확장성 향상을 위한 객체지향적 워크플로우 모델
527828,2011,남상숙,동양대학교,석사,남상숙,동양대학교 교육대학원,KDMT1201163460,초등영어 영재교육 프로그램 연구
711040,2021,반보미,세종대학교,석사,반보미,세종대학교 관광대학원,KDMT12021000015805,조직구성원의 상급자직위 선망 및 승진욕구·고용불안정 지각이 직무열의와 직무성과에 미치는 영향 : 상사신뢰의 조절효과를 중심으로
1117394,2013,이원규,한밭대학교,석사,이원규,한밭대학교 산업대학원,KDMT1201314893,민감도 분석을 이용한 전원주택 사업성 분석 모델
1514748,2020,최윤미,중앙대학교,석사,최윤미,중앙대학교 교육대학원,KDMT1202048750,독서교실 운영 개선방안에 관한 연구 : 서울지역 중학교를 중심으로
641184,2010,박영근,동국대학교,석사,박영근,동국대학교 문화예술대학원,KDMT1201080699,남북한 문화재 교류협력방안에 관한 연구
974021,2016,윤성유,이화여자대학교,석사,윤성유,이화여자대학교 대학원,KDMT1201606475,Validation for analytical method of 8 polycyclic aromatic hydrocarbons added into mint (Mentha arvensis Linne)
910216,2014,오영문,차의과학대학교,석사,오영문,차의과학대학교 대학원,KDMT1201561743,인간 췌장 암세포에 대한 SRC와 SRC 하류신호인자 억제제의 항암 효과
811097,2008,송하진,경성대학교,석사,송하진,경성대학교 교육대학원,KDMT1200868753,고교축구선수의 포지션별 경기기술과 운동능력 및 체조성의 비교 및 관련성 검토
973499,2013,윤성광,남부대학교,박사,윤성광,남부대학교 대학원,KDMT1201380787,근육관리프로그램이 만성경부통증 환자의 경부기능장애와 정서지표에 미치는 영향
1182722,2015,이지희,차의과학대학교,석사,Jihee Lee,차의과학대학교 대학원,KDMT1201561778,Regulatory mechanism of SERPINB2 expression by DRAK2
949692,2009,유연호,호서대학교,박사,유연호,호서대학교 벤처전문대학원,KDMT1200938039,창업의지의 영향요인에 관한 실증연구 : 경력지향성과 사회문화적요인 그리고 창업지원프로그램 참여의사를 중심으로
1649362,2007,황의호,전주대학교,석사,황의호,전주대학교 교육대학원,KDMT1200777948,교원 성과상여금제도에 대한 중등교사들의 인식 연구
1287606,2015,장혁,인하대학교,박사,장혁,인하대학교 대학원,KDMT1201533093,레이더-영상 융합 교통 검지 시스템을 위한 객체 인식에 관한 연구 [전자자료]
1441443,2014,주혜려,건국대학교,석사,주혜려,건국대학교 대학원,KDMT1201415699,중국기업 최고경영자 팀의 특성과 국제화 정도 간의 관계
742208,2016,변재형,군산대학교,석사,변재형,군산대학교 대학원,KDMT1201629091,종합병원 병동부의 기능공간별 개선방안 연구
531537,2000,남진숙,순천대학교,석사,남진숙,순천대학교 교육대학원,KDMT1200006808,초등학교 열린교육의 문제점과 발전적 방안
510716,2011,김회민,홍익대학교,석사,김회민,홍익대학교 대학원,KDMT1201101577,새로운 전자 수송 층 구조를 사용한 효율적인 백색 인광 유기발광다이오드의 제작 및 특성연구
502872,2001,김혜영,경희대학교,석사,김혜영,경희대학교 교육대학원,KDMT1200108971,한국미술에 있어서 백색의 미감에 관한 연구
1159831,2016,이종구,건국대학교,석사,이종구,건국대학교 부동산대학원,KDMT1201631960,계층분석기법(AHP)을 활용한 기업형임대주택(뉴스테이)의 주거환경 결정요인 연구
1626763,2010,홍승수,국민대학교,석사,홍승수,국민대학교 교육대학원,KDMT1201068482,인권교육 프로그램이 중학생의 민주시민의식에 미치는 영향
473965,2005,김태헌,서울시립대학교,석사,김태헌,서울시립대학교 도시과학대학원,KDMT1200519916,후분양 민간개발사업 출자 금융기관의 SPC 운영 핵심성공인자에 관한 연구
573830,2007,문종국,서울교육대학교,석사,문종국,서울교육대학교 교육대학원,KDMT1200761018,학교통일교육과정의 내용체계 개선에 대한 연구
1364112,2018,정주경,전북대학교,석사,정주경,전북대학교 대학원,KDMT1201824223,치아 발생 과정에서 상피성 BMP 신호전달의 역할
292446,2003,김상민,한국외국어대학교,석사,김상민,한국외국어대학교 대학원,KDMT1200365472,회사채신용등급변경이 주식의 VaR에 미치는 영향
497758,2010,김형아,순천대학교,석사,김형아,순천대학교 대학원,KDMT1201006385,R. Schumann의 『Davidsb?ndlert?nze Op.6』에 대한 분석 연구
889065,2013,양효선,서울교육대학교,석사,양효선,서울교육대학교 교육대학원,KDMT1201362447,"초등 수학, 과학, 정보 영재교육대상자의 다중지능과 수리적 능력의 비교 분석"
1432500,2015,조호정,가톨릭대학교,박사,조호정,가톨릭대학교 대학원,KDMT1201558449,Analysis of movement axes of the ankle and subtalar joints: Relationship with the articular surfaces of the talus
576316,2007,문학기,성균관대학교,석사,문학기,성균관대학교 대학원,KDMT1200776483,DNA 분자와 Polypyrrole을 이용한 전도성 나노 와이어 제작에 관한 연구
660197,2003,박재모,경기대학교,박사,박재모,경기대학교 대학원,KDMT1200355755,수명주기 분석을 통한 관광지 성장관리 전략: 제주도를 중심으로
1108864,2015,이예건,숙명여자대학교,석사,이예건,숙명여자대학교 대학원,KDMT1201538160,대학생의 학업스트레스 수준에 따른 역기능적 태도 및 학업정서의 차이
955238,2000,유재홍,광주과학기술원,석사,유재홍,광주과학기술원,KDMT1200031041,Slide 가이드의 마찰 특성과 열변형 효과
989458,1999,윤형준,한남대학교,석사,윤형준,한남대학교 교육대학원,KDMT1199950006,금속의 가공 방법을 학습하기 위한 멀티미디어 CAI 프로그램 개발
635429,1998,박순영,전남대학교,석사,박순영,全南大學校 大學院,KDMT1199824125,Aaron Copland의 “Old American Songs”에 관한 분석연구
403369,2021,김재민,한양대학교,석사,Jaemin Kim,한양대학교 대학원,KDMT12021000001708,The meta analysis of the effectiveness of sports sponsorship on consumer response in Korea
1481401,2011,최나,부산외국어대학교,석사,崔娜,부산외국어대학교 대학원,KDMT1201144499,한·중 단오 풍속의 비교 연구
1580954,2006,한명주,서강대학교,석사,한명주,서강대학교 대학원,KDMT1200668231,현대국어 형식명사 구성의 양태성 연구
1434887,2012,주곤봉,배재대학교,석사,주곤봉,배재대학교 대학원,KDMT1201203070,다중 모니터 사용을 위한 USB 그래픽 어댑터에 관한 연구
1236460,2017,임새롬,한세대학교,석사,임새롬,한세대학교 대학원,KDMT1201747833,Body-softening for musicians
449932,2017,김지훈,한양대학교,석사,김지훈,한양대학교 대학원,KDMT1201702912,Centrifugal Partition Chromatography의 기울기 용리 시스템을 이용한 용담사간탕의 항산화 효소 유도 성분 추적 분리 연구
757189,2004,서영현,전북대학교,석사,서영현,전북대학교 대학원,KDMT1200402876,Synthesis and optical properties of side-chain photochromic polymer containing naphthopyran
1305511,2003,전종원,수원대학교,박사,전종원,수원대학교 대학원,KDMT1200327592,서키트 웨이트 트레이닝 볼링선수의 경기력 향상에 미치는 영향
1311509,2016,정 조,전북대학교,박사,정 조,전북대학교 대학원,KDMT1201651678,양자화학적 계산을 통한 태양전지용 주개-받개 공중합체의 설계
676809,2021,박주형,고려대학교,박사,Joohyung Park,고려대학교 대학원,KDMT12022000005804,Detection of toxic and biological substances using electrochemical sensor functionalized with nano-bio materials
1206035,2019,이현규,서울대학교,석사,Hyunkyu Lee,서울대학교 대학원,KDMT12022000058305,Analysis of antibiotic susceptibility for Lactobacillus and Bifidobacterium and their antibiotic resistant genes
884379,2021,양정현,고려대학교,박사,梁正賢,고려대학교 대학원,KDMT12022000005084,조선 전기 驛道制 연구
529190,2003,남연영,홍익대학교,석사,남연영,홍익대학교 산업미술대학원,KDMT1200356962,Y-O(Young-Old)세대를 위한 HTS(Home Theater System)디자인에 관한 연구
1473161,2008,천지혜,가톨릭대학교,석사,천지혜,가톨릭대학교 대학원,KDMT1200807466,악몽빈도가 악몽고통과 정신병리에 미치는 영향 : 악몽대처방식의 중재효과 검증
935417,2006,원주연,경희대학교,석사,원주연,경희대학교 행정대학원,KDMT1200615542,건강증진을 위한 보건소 영양사업 개선 방안연구
1538008,2013,최필규,호서대학교,석사,최필규,호서대학교 대학원,KDMT1201312756,반도체 고온공정용 AlN Hot Plate의 전열 수치해석
150658,2012,고아라,충북대학교,석사,고아라,충북대학교 대학원,KDMT1201209366,금강 상류 중소 규모 유역을 대상으로 한 대표 유역 특성인자와 홍수지표의 관계식 도출
916300,2013,오지영,인하대학교,석사,오지영,인하대학교 경영대학원,KDMT1201322139,성과급제도의 공정성과 만족도가 개인수준의 지식창조에 미치는 영향 [전자자료]
927826,2010,우민경,중앙대학교,석사,우민경,중앙대학교 예술대학원,KDMT1201011727,무용공연 대중화와 콘텐츠개발을 위한 제작자 사례분석
999004,2018,이경민,고려대학교,석사,이경민,고려대학교 교육대학원,KDMT1201803650,일본어 교과 내용을 반영한 현장학습에 관한 연구 : 고등학교 일본어와 수학여행을 중심으로
1575131,2007,하태준,경북대학교,석사,하태준,경북대학교 산업대학원,KDMT1200735138,R.P.F 합성형 연속교의 시공단계별 해석
822618,2006,신부섭,한성대학교,석사,신부섭,한성대학교 예술대학원,KDMT1200613048,로코코시대 헤어스타일의 조형적 특성분석을 통한 업스타일 기법의 재현에 관한 연구
980532,2012,윤이근,한국교원대학교,석사,윤이근,한국교원대학교 교육대학원,KDMT1201210072,초등학교 과학과 수업목표 분석 : 2007 개정 교육과정을 중심으로
606333,2006,박미정,대구대학교,석사,박미정,대구대학교 재활과학대학원,KDMT1200671754,총체적 언어 접근법이 학령기 자폐성 아동의 읽기와 쓰기 능력개선에 미치는 효과
1336372,2005,정소영,성균관대학교,석사,정소영,성균관대학교 대학원,KDMT1200574346,영어 단어 강세 연구
183173,2010,권순모,경북대학교,석사,권순모,경북대학교 대학원,KDMT1201041970,보행 불가능한 만성 뇌졸중 환자에서 균형 훈련기의 효과
1545176,2013,최훈일,청주대학교,박사,최훈일,청주대학교 대학원,KDMT1201322839,난독증 학습장애의 선별과 중재를 위한 컴퓨터 보조공학도구에 관한 연구
624130,2002,박성오,경북대학교,석사,박성오,경북대학교 대학원,KDMT1200237909,과일 생산농가의 전자상거래 실태와 발전 방안
1020170,2018,이다혜,고려대학교,석사,이다혜,고려대학교 교육대학원,KDMT1201803704,"청소년의 행동습관, 가정환경, 스트레스가 자살에 미치는 영향요인 분석 : 청소년건강행태온라인조사를 바탕으로(2016)"
788646,2022,손영은,서울대학교,석사,손영은,서울대학교 행정대학원,KDMT12022000040709,안보적·사회적 요인이 국방예산 변화에 미치는 영향 연구 [전자자료]
1264715,2014,장미선,이화여자대학교,박사,장미선,이화여자대학교 대학원,KDMT1201409924,한국 목회자사모의 역할 분석과 목회행정가 양성 방안 연구
225839,2002,김기수,동신대학교,석사,김기수,동신대학교 대학원,KDMT1200237233,돼지 미성숙 난포란의 체외성숙 및 발생에 관한 연구
1601483,2018,함민정,이화여자대학교,석사,함민정,이화여자대학교 교육대학원,KDMT1201814658,중학생의 학교스포츠클럽 참여정도에 따른 회복탄력성과 학업적 실패내성 차이
1640215,2001,황미영,충북대학교,석사,황미영,충북대학교 대학원,KDMT1200158718,청소년의 사이버공간 경험과 개인특성 및 부모통제
1295297,2021,전민주,부경대학교,박사,전민주,부경대학교 대학원,KDMT12021000039162,R744/R404A 하이브리드 캐스케이드 냉동시스템의 성능 및 엑서지 특성
1171961,2003,이준열,전남대학교,석사,이준열,전남대학교 산업대학원,KDMT1200359707,지방자치시대의 지역정보화구축에 따른 정보통신의 실체 연구: 광산구청을 중심으로
809148,2006,송지은,공주대학교,석사,송지은,공주대학교 교육대학원,KDMT1200607050,Book talk가 초등학교 고학년 학생의 독서흥미 유발에 미치는 영향에 관한 연구
317628,2018,김성훈,한국과학기술원,박사,Kim | Sunghoon,한국과학기술원,KDMT1201843331,Development of agent-based network transmission model for inter-network traffic flow control in urban area
496799,2013,김형석,고려대학교,석사,김형석,고려대학교 행정대학원,KDMT1201305852,과거 북한 군사정책을 통해 본 김정은 정권의 군사정책 전망
1327220,2008,정병,원광대학교,석사,정병,원광대학교 대학원,KDMT1200851626,열대열말라리아의 단백질 분해효소인 Calpain의 특성에 관한 연구
944984,2019,유상일,중앙대학교,석사,유상일,중앙대학교 대학원,KDMT1201912215,동시 송수신 무선랜에서 Ack 충돌 문제를 위한 No Ack 기반 매체접근제어 프로토콜
407292,2014,김재현,창원대학교,석사,김재현,창원대학교 대학원,KDMT1201431362,선사·고대 남강의 범람에 따른 사회변화 : 주거지와 경작지를 중심으로
899112,2021,염자묵,세한대학교,석사,염자묵,세한대학교 대학원,KDMT12021000059555,중국 사립유치원 교사의 전문성 발달에 관한 조사 연구 : 구이저우성 T시의 사립유치원을 중심으로
1496194,2013,최성두,홍익대학교,석사,최성두,홍익대학교 미술대학원,KDMT1201313267,왜곡된 이미지를 통한 정체성의 상징에 관한 연구 : 본인작품 〈시간의 흐름〉 시리즈를 중심으로
323671,2013,김소희,인제대학교,석사,김소희,인제대학교 대학원,KDMT1201365025,김해시 본산준공업지역에서 악취물질의 농도변화 연구
245003,2015,김동균,한국교원대학교,석사,김동균,한국교원대학교 교육대학원,KDMT1201572565,협력학습을 적용한 소그룹 기악 즉흥연주 지도방안 : 초등학교 6학년을 중심으로
563860,2017,몽크체체그,가천대학교,석사,몽크체체그,가천대학교 대학원,KDMT1201714947,한류 문화의 요소가 몽골인의 구매태도와 구매행위에 미치는 영향 : 한국내 거주하는 몽골인을 중심으로
998613,2000,이경미,단국대학교,석사,이경미,단국대학교 행정대학원,KDMT1200012533,장애아동 통합교육에 관한 연구 : 일반학교 내 특수학급을 중심으로
1371677,2014,정창수,경희대학교,박사,정창수,경희대학교 대학원,KDMT1201453988,지방채 발행 결정요인 분석
427186,2014,김종우,영남대학교,석사,김종우,영남대학교 대학원,KDMT1201458999,군용 전자파 차폐 인클로저의 성능 검증 방법에 관한 연구
760815,2014,서재강,한국교원대학교,석사,서재강,한국교원대학교 교육대학원,KDMT1201429881,초등학교 야외교육 활동에 대한 사례 연구
668016,2016,박정하,광운대학교,석사,박정하,광운대학교 교육대학원,KDMT1201658142,"전직준비를 위한 생애설계 그룹코칭 프로그램이 자존감, 전직준비도, 회복탄력성에 미치는 효과"
945069,2014,유상헌,서울대학교,박사,유상헌,서울대학교 대학원,KDMT1201467123,Structure determination of the type Ⅲ effector protein XopQ from Xanthomonas oryzae pv. oryzae and its functional implications
450126,2014,김지희,순천향대학교,석사,김지희,순천향대학교 대학원,KDMT1201420408,고식적 견관절 자기공명영상에 추가적인 사각시상면 영상 이용 시 회전근개 손상 검출 진단능 차이에 대한 고찰
1421832,2016,조정재,백석대학교,석사,조정재,백석대학교 기독교전문대학원,KDMT1201629672,"하나님의 나라 관점으로 본 마가복음 구조 이해 : 왕권, 제자도, 성전의 3중 구조를 따라서"
530122,2015,남윤후,한양대학교,석사,남윤후,한양대학교 대학원,KDMT1201552562,기업예술교육으로서의 심미적 판단력 형성에 관한 연구
1516954,2018,최은미,국민대학교,박사,최은미,국민대학교 테크노디자인전문대학원,KDMT1201848870,제조업의 서비스화 지원 컨설팅 프레임워크로서의 4E 모델 연구
723614,2004,배재원,경북대학교,석사,배재원,경북대학교 대학원,KDMT1200446634,격자 연화 스트럿-타이 모델 방법에 의한 철근 콘크리트 부재의 극한강도평가
665059,1999,박정선,서울교육대학교,석사,朴貞善,서울敎育大學校 敎育大學院,KDMT1199921172,臺灣 社會科 敎育의 社會的 人間像에 관한 硏究 : 한국의 사회과 교과서와 비교하여
947737,1999,유순백,동국대학교,석사,유순백,東國大學校 佛敎大學院,KDMT1199942533,법화경의 복지사상 연구
1560158,2018,편현장,명지대학교,석사,편현장,명지대학교 기록정보과학전문대학원,KDMT1201812525,캐릭터 아카이브 구축 전략 연구
931997,2019,우펑슈에,경북대학교,석사,우펑슈에,경북대학교 대학원,KDMT1201907720,중국 농민공의 빈곤실태와 요인에 관한 연구
986595,2002,윤찬용,건국대학교,석사,윤찬용,건국대학교 대학원,KDMT1200237788,거세 한우의 원료사료 이용에 관한 연구
902683,2011,오덕수,인하대학교,석사,오덕수,인하대학교 대학원,KDMT1201132692,DC 배전시스템에서 전압 안정화를 위한 VolTage Bus Conditioner(VBC)의 슬라이딩 모드 제어기의 설계
119768,2004,강보경,부산대학교,석사,강보경,부산대학교 대학원,KDMT1200455063,브레히트 극에 나타난 코러스의 형태와 기능 : 서양 전통극 및 노오(能)와의 비교 고찰
1039150,2016,이미옥,숙명여자대학교,석사,이미옥,숙명여자대학교 대학원,KDMT1201643511,잊혀진 비평 : 신들리기에서 유령을 보는 주체까지
1106835,2019,이영진,고려대학교,석사,이영진,고려대학교 대학원,KDMT1201964848,기대여명의 증가가 가계지출에 미치는 영향
1532969,2002,최지호,이화여자대학교,석사,최지호,이화여자대학교 국제대학원,KDMT1200252575,Evolution of industrial relations and union movement in Korea : A comparative study
1211704,2010,이현철,경북대학교,석사,이현철,경북대학교 행정대학원,KDMT1201071652,주민자치센터 활성화 방안에 관한 실증적 연구 :대구 광역시 동구를 중심으로
524680,2010,나혜민,계명대학교,석사,나혜민,계명대학교 대학원,KDMT1201072768,페놀성 화합물 첨가에 따른 제빵 가공공정 중의 밀가루 단백질 변화
821593,2014,신민정,홍익대학교,석사,신민정,홍익대학교 대학원,KDMT1201400565,브랜드 차별화 전략을 통한 국내 드럭스토어의 공간디자인에 대한 연구
1584540,2015,한상호,세종대학교,석사,한상호,세종대학교 대학원,KDMT1201575701,에쮸드(Etude)를 활용한 뮤지컬 창작 과정 연구 : 창작 뮤지컬 〈Love & Life〉 제작 노트
1189994,2003,이창열,성균관대학교,석사,이창열,성균관대학교 대학원,KDMT1200322023,WTO 분쟁해결제도의 개선방안에 관한 연구
958641,2016,유지현,동아대학교,석사,유지현,동아대학교 대학원,KDMT1201618671,유아의 기질과 아버지의 양육참여도 및 어머니의 양육효능감이 유아의 정서조절에 미치는 영향
962011,2019,유현아,건양대학교,석사,유현아,건양대학교 대학원,KDMT1201909356,사회적 배제 경험 후 인지적 탈융합 개입이 분노와 수치심에 미치는 영향
1121743,2020,이유진,대구대학교,석사,이유진,대구대학교 대학원,KDMT1202031277,공공기관 종사자의 조직·직무적합성이 성과에 미치는 영향 : 조직문화의 매개효과를 중심으로
1395888,2012,조민기,충남대학교,석사,조민기,충남대학교 대학원,KDMT1201208582,대평 탄산수의 수리화학 및 생성환경 유추
476139,2020,김태훈,연세대학교,석사,김태훈,연세대학교 교육대학원,KDMT1202005630,J 중학교 교사들의 학교스포츠클럽 경험에 관한 현상학적 연구 : 상호주관성을 중심으로
326085,2015,김수빈,한양대학교,석사,김수빈,한양대학교 대학원,KDMT1201509050,탈중력감이 건축 형태의 미적 선호도에 미치는 영향에 관한 연구
1456216,2022,찡응옥헌,조선대학교,석사,찡응옥헌,조선대학교 대학원,KDMT12022000017835,스마트 상품의 지능 속성이 소비자 몰입에 미치는 영향 : 베트남 소비자를 중심으로
1246684,2004,임재완,동국대학교,석사,임재완,동국대학교 대학원,KDMT1200433688,경주 불국사 다보탑 연구
571025,2022,문영찬,국민대학교,석사,문영찬,국민대학교 글로벌창업벤처대학원,KDMT12022000011024,소상공인의 사업실패경험이 업종전환의지에 미치는 영향의 탐색적 연구 : 사회적지지 조절 효과를 중심으로
863154,2008,안영창,단국대학교,석사,안영창,단국대학교 대학원,KDMT1200809974,병원성 미생물의 검출 방법
112540,2001,강기조,광운대학교,석사,강기조,광운대학교 대학원,KDMT1200129903,이중 편파 마이크로스트립 어레이 안테나
1303620,2021,전의민,전주대학교,석사,전의민,전주대학교 대학원,KDMT12021000051545,경계선지능아동의 발달에 영향을 미치는 프로그램 효과성에 대한 메타분석
722854,2017,배은주,광주교육대학교,석사,배은주,광주교육대학교 교육대학원,KDMT1201746018,수판셈 원리를 적용한 수업이 덧셈과 뺄셈 능력에 미치는 영향
476362,2004,김태훈,협성대학교,석사,김태훈,협성대학교 신학대학원,KDMT1200439244,멀티미디어 네트워크의 선교적 활용을 위한 연구
1472475,2008,천유미,한국외국어대학교,석사,천유미,한국외국어대학교 대학원,KDMT1200810539,중국 물류시장 확대와 한국 물류기업의 발전 방안 연구 : 제3자 물류를 중심으로
244732,2019,김동규,부산대학교,박사,Dong-Kyu Kim,부산대학교 대학원,KDMT1201918004,Advanced induction heating and local softening system for hot stamping
1489036,2017,최민주,한국과학기술원,석사,최민주,한국과학기술원,KDMT1201737221,사인 파와 고립 파의 쇄파과정에 관한 실험적 연구
123665,2000,강세일,건국대학교,석사,강세일,건국대학교 행정대학원,KDMT1200057716,부동산시장에서 정보통신 활용 방안에 관한 연구
1292256,2013,전경인,부산대학교,석사,전경인,부산대학교 교육대학원,KDMT1201302259,아들러의 격려중심 집단상담이 저소득층 중학생의 자기효능감과 스트레스 대처방식에 미치는 효과
1444940,2016,지석환,충북대학교,석사,지석환,충북대학교 대학원,KDMT1201617039,다가구주택의 열교방지 상세설계
638744,2014,박신원,영남대학교,석사,박신원,영남대학교 대학원,KDMT1201406419,다중 센서를 이용한 LED 조명 제어
202224,2012,김 은,연세대학교,석사,김 은,연세대학교 대학원,KDMT1201239802,자동차 시트 주름의 이미지 및 jnd를 통한 주름 인지도 분석
275690,2019,김민정,성균관대학교,석사,Minjung Kim,성균관대학교 대학원,KDMT1201934502,Urinary cytokines and chemokines as potential biomarkers of predicting acute rejection in living donor kidney transplantation
232444,2011,김남극,한양대학교,석사,김남극,한양대학교 산업경영디자인대학원,KDMT1201154483,기업의 인수합병이 인수된 기업의 경영성과에 미치는 영향에 관한 연구 : D사 사례를 중심으로
324290,2011,김송희,건국대학교,석사,김송희,건국대학교 대학원,KDMT1201158946,유청 단백질과 유청을 이용한 기능성 음료 개발에 관한 연구
358216,2018,김영진,전북대학교,석사,김영진,전북대학교 대학원,KDMT1201844047,고성능 나노복합소재를 위한 탄소나노튜브 섬유의 복합화 연구
1612535,2010,허철민,충북대학교,석사,허철민,충북대학교 대학원,KDMT1201052458,"페로브스카이트 산화물 La_1-x_A_x_MnO₃ (A=Ca, Sr, Ba)의 자기열량효과"
1487951,2007,최미정,한국기술교육대학교,석사,최미정,한국기술교육대학교 대학원,KDMT1200704917,분자설계에 의한 유무기 나노 복합 전해질 막에 관한 연구
402199,1998,김재곤,동국대학교,석사,金在坤,東國大學校 經營大學院,KDMT1199837143,學校 敎育滿足度 決定要因에 관한 硏究 : 고등학생들의 학교 교육환경을 중심으로
524001,2010,나진오,고려대학교,박사,나진오,고려대학교 대학원,KDMT1201057981,당뇨성 쥐 모델 (OLETF)에서 Deoxycorticosterone Acetate-salt 투여로 유발된 고혈압이 심혈관계에 미치는 영향과 Calcium Channel Blocker 및 Beta-Blocker 투여의 효과
472827,2013,김태은,부산가톨릭대학교,석사,김태은,부산가톨릭대학교 대학원,KDMT1201310594,"자궁경부 종양에서 인유두종 바이러스 52, 58 아형 분석과 p16 및 p53 단백 발현의 상관성"
963663,2011,유홍열,전북대학교,석사,유홍열,전북대학교 교육대학원,KDMT1201109640,지리과 수업에서 e-NIE 수업 방법이 학습태도와 학습만족도에 미치는 효과
1369469,2016,정진영,성균관대학교,석사,Jinyeong Jung,성균관대학교 대학원,KDMT1201611949,Development of antioxidant carriers to enhance the oxidative stability of frying oils
1301400,2000,전옥엽,부산대학교,석사,전옥엽,부산대학교 대학원,KDMT1200000669,LiNbO₃의 화학 조성비에 따른 비선형광학적 특성 연구
132363,2001,강재희,경희대학교,석사,강재희,경희대학교 대학원,KDMT1200120853,산발성 대장암에서 hMLH1/hMSH2의 발현 양상과 임상적 의의
516279,2010,김희성,인하대학교,석사,김희성,인하대학교 교육대학원,KDMT1201004928,고등학교 화학Ⅰ 및 화학Ⅱ 교과서 삽화와 탐구활동 분석 및 가시적인 실험으로의 개선 방안 [전자자료]
531951,2001,남택영,경기대학교,박사,남택영,경기대학교 대학원,KDMT1200130628,관광호텔 총지배인 Leadership이 호텔경영에 미치는 영향에 관한 연구
1054969,2016,이상빈,선문대학교,박사,이상빈,선문대학교 대학원,KDMT1201612973,청소년의 12주간 용무도 복합운동이 혈관탄성 및 아디포카인에 미치는 영향
242571,2007,김도완,경희대학교,박사,김도완,경희대학교 대학원,KDMT1200719728,인삼의 구증구폭에 의한 성분변화 및 약리효능
1340931,2012,정승희,한양대학교,석사,정승희,한양대학교 교육대학원,KDMT1201214192,ARCS 모델 기반 모바일 게임 수학 학습 프로토타입 개발
895676,2009,여인동,서울대학교,석사,여인동,서울대학교 대학원,KDMT1200930084,한국 전력산업 구조개편의 정치경제적 동학
1150197,2014,이정복,금오공과대학교,석사,이정복,금오공과대학교 컨설팅대학원,KDMT1201407416,"가격촉진?유형이?소비자의?태도?및?구매의도에?미치는?영향 : 독특성욕구,?관여도,?자아존중감의?조절효과를?중심으로"
1441269,2010,주현태,한양대학교,석사,주현태,한양대학교 대학원,KDMT1201012597,서울시 오피스 빌딩의 소득수익률 영향요인에 관한 연구
611893,2007,박보람,울산대학교,석사,박보람,울산대학교 교육대학원,KDMT1200750178,고등학교 사회과 교과서 내용 분석 : '지구촌 문제'를 중심으로
836814,2001,신종호,한국외국어대학교,석사,신종호,한국외국어대학교 대학원,KDMT1200127151,고성능 RSD 제산기의 설계
659324,2014,박자영,고려대학교,석사,박자영,고려대학교 교육대학원,KDMT1201462253,한문교과의 스마트러닝 활용방안
1160988,2014,이종미,경기대학교,박사,이종미,경기대학교 대학원,KDMT1201456200,교사 경험 반영 수업컨설팅 모형 개발 : AI(Appreciative Inquiry) 기법을 활용하여
352484,2016,김영수,한국과학기술원,박사,Kim | Youngsoo,한국과학기술원,KDMT1201722585,Molecular and neural circuit mechanisms for limb coordination in mice
472091,2003,김태우,중앙대학교,석사,김태우,중앙대학교 행정대학원,KDMT1200363118,기관평가결과의 활용에 관한 연구: 과학기술계 정부출연연구기관을 중심으로
1485900,2004,최명환,인하대학교,석사,최명환,인하대학교 공학대학원,KDMT1200451642,자연형 하천개발과 동락천의 보전 방안
647504,2016,박용석,인하대학교,석사,박용석,인하대학교 교육대학원,KDMT1201627314,고등학교 화학실험에서의 안전 교육의 필요성에 관한 연구 [전자자료]
271032,2013,김민규,경기대학교,석사,김민규,경기대학교 대학원,KDMT1201309410,대형마트 HMR(가정대체식) 마케팅 전략 방안에 관한 연구
698399,2011,박헌경,건양대학교,석사,박헌경,건양대학교 보건복지대학원,KDMT1201119804,지역사회와 시설 노인의 시간 사용에 관한 비교 연구
681854,2014,박지영,이화여자대학교,석사,박지영,이화여자대학교 대학원,KDMT1201410141,"프로코피에프 피아노 소나타 No.2, Op.14 in d minor에 관한 연구"
1404206,2005,조수경,홍익대학교,석사,조수경,홍익대학교 교육대학원,KDMT1200563239,카라바조의 <마태의 소명> 연구
1084378,2019,이수현,홍익대학교,석사,이수현,홍익대학교 대학원,KDMT1201929113,체험요소를 활용한 라이프스타일 숍의 스페이스 브랜딩 요소 연구
1649132,2014,황의동,전북대학교,석사,황의동,전북대학교 대학원,KDMT1201432503,동해골 만세운동 기념탑 건립과 지역공동체의 역사인식에 대한 연구 : 황주성의 일기를 중심으로
237572,2000,김대연,동국대학교,석사,김대연,동국대학교 대학원,KDMT1200016359,SiH₄+Ar 혼합기체의 전자군 파라미터 해석
1497853,2021,최성혁,연세대학교,석사,최성혁,연세대학교 보건환경대학원,KDMT12021000032656,Candida species의 항진균제 감수성 검사를 위한 VITEK 2 System의 평가
501424,2017,김혜림,호서대학교,석사,김혜림,호서대학교 대학원,KDMT1201731283,아로니아 열매 및 미식용 부위의 폴리페놀 추출공정 최적화 및 생리활성 평가
496500,2010,김형미,호남신학대학교,석사,김형미,호남신학대학교 대학원,KDMT1201047427,신앙적 사고로의 전환을 통한 열등감 회복에 관한 연구 : 인지치료적 접근을 중심으로
1436888,2003,주성열,경북대학교,석사,주성열,경북대학교 대학원,KDMT1200342978,초음속 Swirling 제트에 미치는 Swirl Number의 영향
1100230,2010,이연주,이화여자대학교,석사,이연주,이화여자대학교 대학원,KDMT1201064797,Neuroprotective and memory enhancing effects of phytoceramide
188903,2012,권원주,한양대학교,석사,권원주,한양대학교 대학원,KDMT1201270926,외부발광층을 양자점의 광특성을 이용해 제작한 백색 유기발광소자의 전기적 및 광학적 특성에 관한 연구
1276007,2019,장원,광운대학교,석사,장원,광운대학교 대학원,KDMT1201929493,조건부 적대적 생성모델 기반의 오디오 고대역 부호화 기술
1407329,2019,조언경,신라대학교,석사,조언경,신라대학교 교육대학원,KDMT1201954770,보육교사의 조직공정성인식이 조직몰입과 조직시민행동에 미치는 영향
310669,2004,김성아,서울여자대학교,석사,김성아,서울여자대학교 대학원,KDMT1200427491,문화센터 이용 고객의 태도가 백화점 성과에 미치는 영향
357092,2013,김영주,추계예술대학교,석사,김영주,추계예술대학교 문화예술경영대학원,KDMT1201379205,지역사회형 문화예술교육의 효과 및 운영구조에 관한 연구 : 한·일 사례를 중심으로
148535,2019,고상희,경성대학교,석사,고상희,경성대학교 대학원,KDMT1201954543,창원시 도로망 구축 계획에 따른 교통생활권 변화 분석
225534,2021,김기선,국민대학교,박사,김기선,국민대학교 대학원,KDMT12021000055842,음악 영재교육기관의 현황과 개선방안에 대한 연구 : 피아노 전공을 중심으로
522057,2019,나양자,협성대학교,박사,나양자,협성대학교 대학원,KDMT1201910211,멀티미디어를 활용한 녹색성장 교육활동이 유아의 자연친화적 태도에 미치는 효과
1518896,2006,최은진,이화여자대학교,석사,최은진,이화여자대학교 교육대학원,KDMT1200678807,한·중 ·일 고등학교 역사교과서 서술내용 비교분석 : 동학농민운동을 중심으로
1472413,2005,천우정,이화여자대학교,석사,천우정,이화여자대학교 대학원,KDMT1200522342,"수지침 요법이 중년 여성의 불면정도, 수면의질 및 우울에 미치는 영향 연구"
463929,2004,김천명,동아대학교,석사,김천명,동아대학교 대학원,KDMT1200428083,시지각적 이론에 의한 워터프론트 공간의 특성에 관한 고찰
829368,2000,신영훈,한국과학기술원,박사,신영훈,한국과학기술원,KDMT1200008460,저궤도 위성을 이용한 우주 방사선 환경 관측 및 분석 연구
1616047,2011,현주,서울대학교,박사,현주,서울대학교 대학원,KDMT1201156620,베를린 한인무용단의 변천과정에 관한 연구
391087,2019,김은주,한국교원대학교,석사,김은주,한국교원대학교 대학원,KDMT1201936658,청소년을 위한 인문학적 미술교육 방안 연구 : 중학교 1학년 '관계-소통' 미술수업을 중심으로
1281545,2006,장정미,중앙대학교,석사,장정미,중앙대학교 사회개발대학원,KDMT1200680601,임신기 부모의 부모 효능감과 양육지식에 관한 연구
1264376,2017,장문혜,동국대학교,석사,장문혜,동국대학교 대학원,KDMT1201730870,"자기희생적 리더십, 상사에 대한 호감 및 조직시민행동 간의 구조적 관계에 관한 연구 : 호텔 종사원 중심으로"
1323897,2020,정문원,경주대학교,석사,정문원,경주대학교 대학원,KDMT1202015662,조선후기 염라도상 연구
1650767,1998,황재동,부산대학교,석사,黃宰東,釜山大學校 大學院,KDMT1199815488,음식물 쓰레기 퇴비화 공정시 발생하는 악취가스중 CH₃CHO 제거에 대한 연구
1593662,2004,한재현,순천대학교,석사,한재현,순천대학교 산업대학원,KDMT1200411283,방송 중계용 M/W 주파수 재배치를 위한 디지털 FPU 링크에 관한 연구
870917,2016,안형진,한국과학기술원,석사,안형진,한국과학기술원,KDMT1201624792,RCM 조건에서 탄소나노입자를 첨가한 단일 액적 연료의 증발 및 연소 특성
1131403,2006,이은주,전남대학교,석사,이은주,전남대학교 행정대학원,KDMT1200663010,교육행정 혁신에 관한 연구
1361297,1998,정재후,장로회신학대학교,석사,정재후,長老會神學大學校 大學院,KDMT1199809757,90년대 한국 문학계의 성담론에 대한 기독교윤리학적 입장
1502210,2003,최승엽,한양대학교,석사,최승엽,한양대학교 산업대학원,KDMT1200352363,면진장치를 이용한 다경간 연속교의 내진성능 연구
1347711,2011,정용조,고려대학교,박사,정용조,고려대학교 대학원,KDMT1201103171,동양 해자의 역사와 문화적 고찰
246158,2005,김동섭,한양대학교,석사,김동섭,한양대학교 공학대학원,KDMT1200560446,개선된 RFID 인증기술에 관한 연구
558850,2009,리난,건양대학교,석사,리난,건양대학교 대학원,KDMT1200935352,재한 중국유학생의 문화적응 유형과 스트레스 대처방식이 주관적 행복감에 미치는 영향
1168805,2002,이주은,총신대학교,석사,이주은,총신대학교 대학원,KDMT1200229777,유치원 교육과정 동요가사에 나타난 편견적 요소 분석
1393648,2013,조명근,성균관대학교,석사,조명근,성균관대학교 대학원,KDMT1201325664,모의실험을 통한 고전적 검사점수 동등화 방법 비교 연구
530910,2001,남정현,한양대학교,석사,남정현,한양대학교 산업대학원,KDMT1200157832,Hybrid SCM 전송시스템에서의 성능 저하 요인 분석과 개선방안
319382,2012,김세윤,한국체육대학교,석사,김세윤,한국체육대학교 사회체육대학원,KDMT1201210620,심장재활 Ⅰ단계 프로그램 참여가 관상동맥 우회수술 후 신체적 능력에 미치는 영향
699084,2010,박현덕,서울대학교,석사,박현덕,서울대학교 대학원,KDMT1201063302,한국어와 일본어 명령형에서의 경어법 대조연구 : 20세기 초 한일/일한 대역 자료를 중심으로
854748,2012,안 현,부산가톨릭대학교,석사,안 현,부산가톨릭대학교 생명과학대학원,KDMT1201203200,"방사선사의 서번트 리더십이 임파워먼트, 직무만족, 조직몰입에 미치는 영향"
639286,2011,박안서,한양대학교,박사,박안서,한양대학교 대학원,KDMT1201154354,군형법의 개정방안에 관한 연구 : 인권보장과 전투력강화의 조화를 중심으로
735999,2013,백정란,한국교원대학교,석사,백정란,한국교원대학교 교육대학원,KDMT1201330493,2007년 개정 교육과정에 따른 중학교 과학1의 생명 영역에 대한 학습자 중심의 실험 수업 안내서 개발
1312158,2006,정건빈,전북대학교,석사,鄭建彬,전북대학교 대학원,KDMT1200681680,Inhibitory effects of Kimchi (Korean traditional fermented vegetable product) against the growth of food-borne pathogens
504674,2017,김혜준,이화여자대학교,석사,김혜준,이화여자대학교 대학원,KDMT1201752964,"온라인 토론학습에서 메타인지, 사회비교경향성, 팀에 대한 인식이 참여도, 만족도에 미치는 영향"
1507097,2012,최영익,단국대학교,석사,최영익,단국대학교 대학원,KDMT1201277527,택지개발사업지구 특성에 따른 상가 건물 층별 입점 패턴 분석 : 수도권 택지개발사업지구 내 상가를 중심으로
1379611,2004,정형수,전남대학교,석사,정형수,전남대학교 대학원,KDMT1200410712,가사도지역의 열수변질과 금함량에 관한 연구
837254,2012,신준구,경북대학교,석사,신준구,경북대학교 대학원,KDMT1201261170,CPW급전 삼중대역 평면 안테나 제작
240453,2001,김덕림,서울시립대학교,석사,김덕림,서울시립대학교 경영대학원,KDMT1200156001,무역장벽으로서의 원산지규정에 관한 연구
416303,2009,김정은,서강대학교,석사,김정은,서강대학교 대학원,KDMT1200954707,Cultural politics of places in Jean Rhys's Wide Sargasso Sea
1538715,2002,최한욱,동아대학교,석사,최한욱,동아대학교 대학원,KDMT1200220892,온라인 굴절계를 이용한 해수의 염도측정
1019101,1999,이남표,성균관대학교,석사,이남표,성균관대학교 대학원,KDMT1199951649,컴퓨터 네트워크를 통한 정치정보의 흐름과 정치토론의 성격에 관한 연구 : 유즈넷 뉴스그룹 'han.politics'를 중심으로
330296,2014,김수한,한국과학기술원,석사,김수한,한국과학기술원,KDMT1201476053,실적 발표가 있을 때 KSE 시장과 KOSDAQ 시장의 비정상적 수익률 크기의 차이를 일으키는 요인 분석
734453,2001,백우성,부산대학교,석사,백우성,부산대학교 대학원,KDMT1200101797,전기강판 소둔처리 과정분석을 통한 냉연강판의 자기적 특성 향상
1106608,2013,이영준,서울대학교,석사,이영준,서울대학교 대학원,KDMT1201373206,Radiation exposure of fluoroscopic guidance during cervical epidural steroid injection : a prospective study
713832,2016,방원기,한남대학교,석사,방원기,한남대학교 사회문화·행정복지대학원,KDMT1201631622,지역 일간지 기자의 임파워먼트가 직무만족에 미치는 영향 : 대전·충청지역을 중심으로
202174,1999,김 원,국민대학교,석사,김 원,국민대학교 정치대학원,KDMT1199945155,국회의원의 당적변경에 관한 연구 : 12대-15대 국회를 중심으로
737054,2019,백준현,영남대학교,석사,백준현,영남대학교 대학원,KDMT1201932506,금속 파우더와 UV 임프린팅 공정을 이용한 유연 전기 배선 제작
950873,2017,유영진,부산대학교,석사,유영진,부산대학교 대학원,KDMT1201704122,틸트 형 1축 자세제어장비를 이용한 멀티-프롭 시스템의 PDC 적용에 관한 연구
602229,2008,박명규,경희대학교,석사,박명규,경희대학교 관광대학원,KDMT1200876082,주방장의 리더십이 조직유효성에 미치는 영향에 관한 연구 : 특1급 호텔 레스토랑을 중심으로
201110,2010,길준연,충남대학교,석사,길준연,충남대학교 대학원,KDMT1201079437,공동발명자의 법률관계 및 권리보호방안 연구 : 공동발명자의 공동출원 강제를 중심으로
1310294,2014,전호준,부산대학교,석사,전호준,부산대학교 대학원,KDMT1201405471,Identification of an early marker γH2AX for muscle aging in Drosophila
363968,1998,김옥분,아주대학교,석사,김옥분,亞洲大學校 敎育大學院,KDMT1199839694,초등학교 교사의 학교 스트레스 분석 연구
1214042,2014,이형훈,숭실대학교,석사,Kyung-Hoon Lee,숭실대학교 대학원,KDMT1201417236,Synthesis of nanostructured molybdenum compounds and their electrochemical applications
490376,2007,김현정,경기대학교,석사,김현정,경기대학교 서비스경영전문대학원,KDMT1200704111,항공사 브랜드이미지와 서비스품질이 재구매의도에 미치는 영향에 관한 연구
759217,2017,서윤채,한국외국어대학교,석사,서윤채,한국외국어대학교 교육대학원,KDMT1201749450,입력 및 출력 중심 활동이 영어 비전공자들의 전공 관련 어휘 습득에 미치는 영향
1509270,2002,최완규,단국대학교,석사,최완규,단국대학교 특수교육대학원,KDMT1200256295,청각장애학교 부모교육의 개선방안
1405454,2006,조순옥,용인대학교,석사,조순옥,용인대학교 예술대학원,KDMT1200604852,조순옥 불교회화전
559608,2003,마경석,동국대학교,석사,마경석,동국대학교 행정대학원,KDMT1200367134,신용카드범죄에 관한 연구
1179088,2009,이지은,건국대학교,석사,이지은,건국대학교 교육대학원,KDMT1200938183,중학교 영어 교과서 말하기 활동 분석
618558,2002,박석면,동신대학교,석사,박석면,동신대학교 사회개발대학원,KDMT1200229113,광주·전남지역 노인교육의 현황과 발전방향에 관한 연구
468887,2022,김태균,원광대학교,석사,김태균,원광대학교 대학원,KDMT12022000028390,Comparison of the esthetic perception on various anterior malocclusion between the parents of orthodontic patients with different malocclusion
199731,2010,기상미,성신여자대학교,석사,기상미,성신여자대학교 대학원,KDMT1201077969,청소년 애착이 상담에 대한 기대에 미치는 영향 : 내외통제성의 매개 및 조절효과
1601878,2004,함신상,영남대학교,석사,함신상,영남대학교 경영대학원,KDMT1200462471,중소기업 인적자원관리와 성과간의 관련성 연구
754983,2000,서순용,충남대학교,석사,서순용,충남대학교 대학원,KDMT1200017496,초임계수(Supercritical water)조건에서 회분식 반응기를 이용한 Barium Hexaferrite 입자의 제조 특성
1435037,2006,주금미,한양대학교,석사,주금미,한양대학교 대학원,KDMT1200666156,흑자전환기업의 이익조정에 관한 연구
864851,2002,안을수,성결대학교,석사,안을수,성결대학교 신학대학원,KDMT1200267859,김응조 성결론에 대한 역사적 이해
830369,2016,신용진,대구대학교,석사,신용진,대구대학교 산업·행정대학원,KDMT1201622489,스크린골프 참가자의 여가태도와 재미 및 운동지속의도의 관계
131161,2011,강의규,고신대학교,석사,강의규,고신대학교 대학원,KDMT1201126422,전공의 탈진(burnout)과 자가 보고된 의료과실과의 연관성
121427,2018,강석현,국민대학교,석사,강석현,국민대학교 법무대학원,KDMT1201815987,군내 가정폭력 범죄의 처리실태와 대응 방안
1015841,2018,이기증,백석대학교,박사,이기증,백석대학교 기독교전문대학원,KDMT1201835929,중도실명자가?삶에서?겪는?소외 경험 연구
777885,1998,성유화,이화여자대학교,석사,成宥和,梨花女子大學校 大學院,KDMT1199807245,페노티아진 염료 분자들의 이합체 형성에 대한 씨클로텍스트린의 영향 및 분광학적 특성 연구
804004,2007,송용배,조선대학교,석사,송용배,조선대학교 교육대학원,KDMT1200740753,브라운안테나의 배열에 관한 연구
177782,2018,권대책,경북대학교,석사,권대책,경북대학교 대학원,KDMT1201809216,딥러닝을 적용한 대용량 이미지 확대에서 연산모듈 성능분석
1328440,2021,정보미,창원대학교,석사,정보미,창원대학교 대학원,KDMT12021000031049,전담간호사의 감성지능과 셀프리더십이 직무만족에 미치는 영향
320178,2017,김세현,전남대학교,석사,김세현,전남대학교 대학원,KDMT1201738895,PEI 블렌드가 열가소성 유리매트 복합체의 물성에 미치는 영향
1434252,2015,종예,평택대학교,석사,종예,평택대학교 피어선신학전문대학원,KDMT1201532707,1920년대 중국 기독교 대학의 토착화운동
765760,2010,서찬곤,신라대학교,석사,서찬곤,신라대학교 대학원,KDMT1201047800,Protein tyrosine phosphatase 1B inhibitory secondary metabolites from antarctic lichens
320072,2001,김세한,한국외국어대학교,석사,김세한,한국외국어대학교 경영정보대학원,KDMT1200155827,인터넷 쇼핑몰에서 개인정보사용에 관한 소비자 태도의 실증연구
908638,2001,오순임,공주교육대학교,석사,오순임,공주교육대학교 교육대학원,KDMT1200107720,초등학교 학생이 바라본 영어교육 실태 분석
1511132,2010,최우성,대구대학교,석사,최우성,대구대학교 대학원,KDMT1201035169,콜센터 상담원의 이직의도 선행요인 및 직무탈진과 정서노동의 전후관계 확인
887282,2002,양한기,공주대학교,석사,양한기,공주대학교 교육대학원,KDMT1200221892,고등학교 교원의 직무체계 정립 연구
348240,2008,김영덕,한국항공대학교,박사,김영덕,한국항공대학교 대학원,KDMT1200804204,항공사 콜센터의 아웃소싱 의사결정 사례 및 구성원 직무만족에 관한 연구
1023189,2009,이도현,한국과학기술원,석사,이도현,한국과학기술원,KDMT1200907109,저분할과 과분할 및 폐색의 처리를 이용한 스테레오 정합
1036804,2015,이미경,중앙대학교,석사,이미경,중앙대학교 국악교육대학원,KDMT1201518628,비고츠키 협동학습이론을 적용한 음악극 교수-학습법 연구 : 중학교 민요를 중심으로
201201,2001,길태화,대구가톨릭대학교,석사,길태화,대구가톨릭대학교 교육대학원,KDMT1200100088,"아동의 색채 선호도와 색 연상에 관한 조사 연구 : 대구시내 초등학교 5, 6학년을 중심으로"
1296827,2012,전상준,서울대학교,박사,전상준,서울대학교 대학원,KDMT1201280530,Electrical properties of low dimensional systems made of Pb and Nb
1161879,2003,이종선,원광대학교,박사,이종선,원광대학교 대학원,KDMT1200313020,우식치질의 화학기계적 제거방법이 복합레진 수복물의 미세누출에 미치는 영향
1277740,2007,장윤지,경희대학교,석사,장윤지,경희대학교 관광대학원,KDMT1200753105,문화관광이벤트 선택행동에 관한 연구 : 2007 세계도자기비엔날레 참가자를 중심으로
906634,2003,오성은,호서대학교,석사,오성은,호서대학교 벤처전문대학원,KDMT1200320347,친환경농산물 소비촉진을 위한 생산자의 대응방식 분석
1432464,2011,조호연,충남대학교,석사,조호연,충남대학교 교육대학원,KDMT1201148971,현대시와 엮어 읽기를 통한 고전시가 교육방법 연구 : 상호텍스트성을 중심으로
738154,2004,백춘애,충남대학교,석사,백춘애,충남대학교 대학원,KDMT1200426486,부모-자녀간 의사소통과 청소년문제행동에 있어서의 한국과 중국의 차이
1573083,2013,하재욱,연세대학교,석사,하재욱,연세대학교 언론홍보대학원,KDMT1201352635,모바일 광고기법과 광고유형의 수용자 반응 연구 : 제품유형과 관여도의 조절효과를 중심으로
746218,2022,상효군,우석대학교,박사,상효군,우석대학교 대학원,KDMT12022000027005,북조(北朝) 산서(山西) 고분(古墳) 벽화(壁?)의 도상(圖像) 연구
1452164,2008,진유애,전남대학교,석사,진유애,전남대학교 대학원,KDMT1200844813,난의 문학적 상징 연구 : 중국 시가에 표현된 상징을 중심으로
764679,2006,서지영,경북대학교,석사,서지영,경북대학교 교육대학원,KDMT1200658908,Polyvinylpyrrolidone의 도움을 받은 polyol 환원법에 의한 은 나노와이어의 합성 및 특성
148287,2004,고삼일,중앙대학교,석사,고삼일,중앙대학교 대학원,KDMT1200421335,개념기반 검색시스템에서의 개념 자동생성
898120,2004,염나리,서울교육대학교,석사,염나리,서울교육대학교 교육대학원,KDMT1200418056,수업 초기 단계에서 교사의 동기 유발 행위의 뇌과학적 기제와 방향
1054820,2018,이상봉,경남대학교,석사,이상봉,경남대학교 교육대학원,KDMT1201858795,"운동프로그램이 소뇌성 다계통위축증 환자의 기능적 체력, 보행, 균형에 미치는 영향"
1103639,2018,이영수,동국대학교,석사,이영수,동국대학교 문화예술대학원,KDMT1201845621,"데이브 웨클의 드럼연주에서 나타나는 리드믹 텐션에 관한 연구 : 리듬, 필인, 솔로 연주를 중심으로"
1585881,2010,한성원,한국과학기술원,박사,한성원,한국과학기술원,KDMT1201053407,멀티 홉 무선 네트워크에서의 서비스 품질 향상
444967,2008,김지윤,단국대학교,석사,김지윤,단국대학교 정보통신대학원,KDMT1200861948,애니메이션 기법을 활용한 어린이 대상 케이블TV 광고에 관한 연구 : 현황분석 및 광고효과를 중심으로
1488717,2014,최민아,서울교육대학교,석사,최민아,서울교육대학교 교육대학원,KDMT1201447055,분수 지도에 대한 한국과 중국의 초등학교 수학 교과서 비교 분석
454461,2018,김진영,고려대학교,석사,김진영,고려대학교 대학원,KDMT1201804374,불편도를 고려한 훅 타입 웨어러블 디바이스 설계 가이드라인
762553,2013,서정원,연세대학교,석사,서정원,연세대학교 교육대학원,KDMT1201306474,음악-사회 통합교육을 적용한 오페라 ≪마술피리≫ 지도방안 연구 : 7학년을 중심으로
631580,2001,박송풍,울산대학교,석사,박송풍,울산대학교 산업대학원,KDMT1200158992,주입재에 의한 혼합토의 강도개선효과에 관한 연구
685703,2021,박진선,부산대학교,석사,박진선,부산대학교 대학원,KDMT12021000040275,"언택트(Untact)시대, 스마트워크 특성이 조직구성원의 직무만족과 혁신행동에 미치는 영향에 관한 연구 : 직무만족의 매개효과를 중심으로"
1156472,2012,이정혜,광주교육대학교,석사,이정혜,광주교육대학교 교육대학원,KDMT1201216464,Polya의 문제해결 단계에 따른 쓰기 활동이 학업성취도와 수학적 태도에 미치는 영향
674594,2000,박종호,전북대학교,석사,박종호,전북대학교 산업기술대학원,KDMT1200042571,FEM을 이용한 차량용 디딤판 설계
380263,2019,김유현,경기대학교,석사,김유현,경기대학교 대학원,KDMT1201961623,미디어 리터리시를 활용한 성교육 프로그램이 중학생의 성지식과 성태도에 미치는 영향
761754,2002,서정무,경일대학교,석사,서정무,경일대학교 대학원,KDMT1200227237,경사지형 특성을 고려한 환경친화적 집합주택계획에 관한 연구
1484480,2003,최두정,광주과학기술원,석사,최두정,광주과학기술원,KDMT1200317172,다중 입력 다중 출력 무선 통신환경하에서의 페루프 시공간 블록 부호화 기법 연구
1547963,2022,추형석,호서대학교,석사,추형석,호서대학교 대학원,KDMT12022000019848,우리나라의 대설재해 유발 인자 분석
723098,2013,배인구,고려대학교,석사,배인구,고려대학교 대학원,KDMT1201353314,성년후견제도에 관한 연구 : 시행과 관련된 이론적·실무적 쟁점을 중심으로
1276017,2008,장원,중앙대학교,석사,장원,중앙대학교 예술대학원,KDMT1200825736,예술을 활용한 기업제품 마케팅의 관계 성과연구
1255852,2006,임현진,서강대학교,석사,임현진,서강대학교 대학원,KDMT1200626151,Polarized photoluminescence spectroscopy of oriented dye-zeolite composite
1196426,2005,이칠원,단국대학교,박사,이칠원,단국대학교 대학원,KDMT1200563400,새로운 전해질 고분자와 고분자 형광체의 제조 및 특성 : 새로운 전해질 고분자의 제조 및 응용 : Perylene 단위를 포함하는 고분자 형광체의 합성 및 특성
684165,2012,박지혜,이화여자대학교,석사,박지혜,이화여자대학교 디자인대학원,KDMT1201262275,호텔 브랜드 확장을 위한 서비스 디자인 전략 연구 : 서울 S호텔 중심으로
708617,2004,박휘숙,한국교원대학교,석사,박휘숙,한국교원대학교 대학원,KDMT1200432956,초등학교 영어 교육에서 의미 협상 책략 지도가 상호작용에 미치는 효과
898209,2004,염동수,서강대학교,석사,염동수,서강대학교 대학원,KDMT1200425518,인스턴트 메신저(Instant Messenger)를 통한 대인관계 유지에 관한 연구
662224,2000,박재헌,서강대학교,석사,박재헌,서강대학교 교육대학원,KDMT1200012298,Teaching reading comprehension through English newspapers
847387,2008,심범규,가톨릭대학교,석사,심범규,가톨릭대학교 대학원,KDMT1200807480,준종 모형을 이용한 면역지배성과 근본항원원죄에 대한 몬테카를로 시뮬레이션 연구
1255102,2021,임현두,광운대학교,석사,임현두,광운대학교 환경대학원,KDMT12022000011549,폴리염화알루미늄의 성분 함량 관리 현황에 관한 조사 연구
261347,2016,김문수,서울시립대학교,석사,김문수,서울시립대학교 대학원,KDMT1201600089,영상 기반 IndoorGML 구현에 관한 연구
297570,2021,김서라,한국외국어대학교,석사,김서라,한국외국어대학교 KFL대학원,KDMT12021000043782,초면대화에 나타난 '-을게'의 화용론적 연구
579196,2002,민경윤,건국대학교,석사,민경윤,건국대학교 교육대학원,KDMT1200266521,초등학생의 내외통제성과 진로성숙도의 관계
1643287,2021,황성민,서강대학교,석사,황성민,서강대학교 대학원,KDMT12021000056082,피처 콘트라스트 조절로 향상된 딥러닝 기반의 Human pose estimation
1145547,2014,이재혁,군산대학교,석사,이재혁,군산대학교 대학원,KDMT1201438548,파랑 수치모형을 활용한 동해 너울 특성 연구
1501776,2001,최승권,전남대학교,석사,최승권,전남대학교 교육대학원,KDMT1200129486,단계별 글쓰기 교수.학습모형 연구
897585,2001,연종호,경북대학교,석사,연종호,경북대학교 대학원,KDMT1200132762,브레이싱을 고려한 강뼈대 구조물의 동적 비선형해석
448188,2003,김지혜,대구가톨릭대학교,석사,김지혜,대구가톨릭대학교 디자인대학원,KDMT1200302177,홈 인테리어 직물벽지디자인 연구 : 프린트 Flower 문양을 중심으로
440155,2007,김지선,수원대학교,석사,김지선,수원대학교 교육대학원,KDMT1200752621,초등학교 ICT 활용 교육을 위한 컴퓨터 학습 교재 개발에 대한 연구 : 파워포인트 활용을 중심으로
1458919,2005,차영주,국민대학교,석사,차영주,국민대학교 대학원,KDMT1200556005,가톨릭 성물 제작 연구
1611586,2017,허지명,동국대학교,석사,허지명,동국대학교 교육대학원,KDMT1201764773,중학교 다문화 교육을 위한 다문화콘텐츠 개발연구
806388,2001,송인회,서울시립대학교,박사,송인회,서울시립대학교 대학원,KDMT1200141731,도시공기업 경영평가제도의 유효성에 관한 연구 : 서울특별시 투자기관의 경영평가제도를 중심으로
1212511,2000,이형근,강원대학교,석사,이형근,강원대학교 대학원,KDMT1200013279,지간장에 따른 강판항 철도교의 피로피해도 평가
780281,2014,성현제,서울시립대학교,석사,성현제,서울시립대학교 대학원,KDMT1201451264,CaAl₂O₄-TiO₂-Ag 복합광촉매소재의 제조와 광반응 특성연구
866308,2017,안정용,고려대학교,석사,안정용,고려대학교 대학원,KDMT1201741645,기부 수혜자와의 심리적 거리와 메시지 유형의 기부 효과
832314,2013,신은경,건국대학교,석사,신은경,건국대학교 대학원,KDMT1201379617,한지 투과특성을 활용한 LED 조명기구 디자인 개발에 관한 연구
1476033,2009,최강호,동국대학교,박사,최강호,동국대학교 대학원,KDMT1200933957,대만 국민당과 민진당의 대륙정책에 관한 비교연구
1131712,2012,이은지,경성대학교,석사,이은지,경성대학교 교육대학원,KDMT1201261600,액션러닝 기법을 적용한 어린이집 교사교육 프로그램 실행과 그 의미
1493103,2001,최상익,광주과학기술원,석사,최상익,광주과학기술원,KDMT1200108132,Studies on event-driven simulation methodology for performance evaluation of system-level asynchronous systems
1141333,2020,이재선,호서대학교,석사,이재선,호서대학교 대학원,KDMT1202029572,플라스마를 이용한 폐플라스틱 열분해 시 발생하는 유해인자 제거효율
1076031,2015,이세미,조선대학교,석사,이세미,조선대학교 대학원,KDMT1201540129,대리비용이 상장폐지에 미치는 영향
1005627,2018,이고운,상명대학교,석사,이고운,상명대학교 문화기술대학원,KDMT1201805735,"재즈 음악가를 소재로 한 전기 영화에 대한 분석 : 영화 『버드(Bird)』, 『본 투 비 블루(Born to be blue)』, 『마일스(Miles Ahead)』를 중심으로"
679698,2013,박중규,공주대학교,석사,박중규,공주대학교 대학원,KDMT1201312439,중학생의 뉴스포츠 수업에 대한 만족도 조사
743988,2018,봉 암,서울대학교,석사,봉 암,서울대학교 대학원,KDMT1201826002,서사적 말하기 수행을 위한 담화 능력 신장 방안 연구 : 중국 내 한국어 고급 학습자를 중심으로
240532,2019,김덕선,협성대학교,박사,김덕선,협성대학교 대학원,KDMT1201910210,영유아 교사의 소진 관련 변인에 대한 메타회귀분석 : 보호요인과 위험요인을 중심으로
125050,2003,강순옥,중앙대학교,석사,강순옥,중앙대학교 행정대학원,KDMT1200332332,아동학대의 요인과 예방대책에 관한 연구
1141191,2003,이재석,한국과학기술원,석사,이재석,한국과학기술원,KDMT1200333200,광간섭과 공초점 원리를 이용한 3차원 표면형상 정밀측정에 관한 연구
967085,2018,윤금희,단국대학교,박사,윤금희,단국대학교 대학원,KDMT1201828529,대학생 진로선택 우연요인 척도 개발 및 진로 관련 변인과의 관계 탐색
880150,2007,양연진,한국교원대학교,석사,양연진,한국교원대학교 대학원,KDMT1200727243,스키 강사의 근무 환경실태 분석
811103,2007,송하진,이화여자대학교,석사,송하진,이화여자대학교 교육대학원,KDMT1200767785,의사소통능력 향상을 위한 <중국어Ⅰ> 의문문의 개선 방안
141598,2008,강효석,고신대학교,석사,강효석,고신대학교 대학원,KDMT1200853742,고혈압 환자에서 remifentanil과 lidocaine 처치가 기관내삽관 시 혈압과 심박수에 미치는 효과
1614855,2002,현성택,제주대학교,석사,현성택,제주대학교 대학원,KDMT1200230565,Dish형 태양열 집광 시스템의 플럭스 분포에 관한 연구
1151568,2002,이정순,중앙대학교,석사,이정순,중앙대학교 예술대학원,KDMT1200262157,소설의 심리적 거리에 대한 고찰 : 첨부 작품: 장편소설 「특별한 선물」
777089,2012,성언화,단국대학교,석사,성언화,단국대학교 스포츠과학대학원,KDMT1201249239,태권도 품새 학다리금강막기에 관한 연구
1423766,2009,조준호,한양대학교,석사,조준호,한양대학교 대학원,KDMT1200911614,백서 압박신경손상 모델에서 G-CSF가 신경재생에 미치는 영향
228141,2012,김기태,서울시립대학교,석사,김기태,서울시립대학교 도시과학대학원,KDMT1201204069,한국 복지체제의 시기별 성격변화에 관한 연구 : 복지 주체별 지출비중의 변화를 중심으로
1482924,2012,최덕주,연세대학교,석사,최덕주,연세대학교 정경대학원,KDMT1201253901,지속가능경영지수가 회계이익의 질에 미치는 영향
1546009,2008,최희정,동서대학교,석사,최희정,동서대학교 디자인&IT전문대학원,KDMT1200846637,가로변 쓰레기 분리수거함의 실효성 증진을 위한 디자인 방향 연구
1314071,2012,정경희,연세대학교,석사,정경희,연세대학교 공학대학원,KDMT1201257139,대규모 도시개발 과정의 탄소감축량 목표관리 방안에 관한 연구
153077,2010,고유정,한양대학교,석사,고유정,한양대학교 대학원,KDMT1201012353,어린이박물관 전시매체 유형별 관람객의 행동특성에 관한 연구
1348882,2015,정우진,고려대학교,박사,정우진,고려대학교 대학원,KDMT1201502550,朝鮮時代 宮闕 後苑의 體制와 運用 樣相
1609997,2001,허재경,서울여자대학교,석사,허재경,서울여자대학교 대학원,KDMT1200157141,부모-자녀 의사소통유형과 성태도 및 성행동과의 관계연구
1433594,2000,조희권,한양대학교,석사,조희권,한양대학교 대학원,KDMT1200011395,현대소설에 나타난 춘향전 패러디 연구
667670,2016,박정제,가천대학교,석사,박정제,가천대학교 보건대학원,KDMT1201661760,산업체 응급구조사 업무와 직무만족도
1040824,2017,이민경,연세대학교,석사,이민경,연세대학교 대학원,KDMT1201768113,반려견과 함께하는 신체활동이 애착도와 운동지속과 심리적 행복감에 미치는 영향
1649453,1998,황인건,한양대학교,석사,黃仁健,漢陽大學校 大學院,KDMT1199841194,谷雲 金壽增의 山水文學 硏究
1607201,2018,허수탁,부산대학교,석사,허수탁,부산대학교 산업대학원,KDMT1201805392,오버헤드도어의 소방서 차고문 적용에 관한 연구
546334,2013,동월,경희대학교,석사,동월,경희대학교 대학원,KDMT1201366346,중국인 학습자를 위한 한국어 '마음'과 중국어 '心'의 개념 은유적 대조 연구
1048540,2009,이보라,대전대학교,박사,이보라,대전대학교 대학원,KDMT1200908864,은갑방이 염증 관련 cytokines의 유전자 발현과 생성량에 미치는 영향
621755,2009,박선희,원광대학교,석사,박선희,원광대학교 교육대학원,KDMT1200932773,박귀희와 강정열의 가야금병창곡 비교 분석 : '사랑가'를 중심으로
699288,2010,박현민,대전대학교,석사,박현민,대전대학교 보건스포츠대학원,KDMT1201024278,저소득층 아동의 동적가족화에 나타난 가족지각과 자아존중감에 관한 연구
1574397,2015,하지훈,한국해양대학교,석사,하지훈,한국해양대학교 대학원,KDMT1201532476,하이브리드 수중 글라이더의 설계 연구
1338034,2007,정수진,성균관대학교,석사,정수진,성균관대학교 대학원,KDMT1200728924,응급 의료 환경에서의 보안 이동 멀티캐스트 시스템에 대한 연구
220650,2020,김권일,한신대학교,박사,김권일,한신대학교 대학원,KDMT1202004489,古代 嶺南地域 製鐵技術의 考古學的 硏究
978336,2006,윤영주,경희대학교,석사,윤영주,경희대학교 동서의학대학원,KDMT1200602093,Neuroprotective effect of palmul-chongmyeong-tang(PMCMT) on ischemia-induced learning and memory deficits in the rat
578479,2018,미야지마 요코,한국외국어대학교,석사,미야지마 요코,한국외국어대학교 대학원,KDMT1201808596,한국 수필 '영초언니' 한일번역 연구 : 한일번역의 충실성과 가독성을 중심으로
1050288,1999,이봉열,전북대학교,석사,이봉열,전북대학교 환경대학원,KDMT1199945671,사업장 폐기물 소각잔사중의 중금속 농도 및 용출 특성
1392163,2001,조대현,순천대학교,석사,조대현,순천대학교 교육대학원,KDMT1200110522,실업계 학교에서 적합한 CAI 프로그램 설계 및 개발 연구
618916,2014,박석훈,경북대학교,석사,박석훈,경북대학교 대학원,KDMT1201464599,코로나방식 필터대전 조건에 따른 공기정화필터의 여과특성
872456,2022,알탕게렐,성신여자대학교,석사,알탕게렐,성신여자대학교 대학원,KDMT12022000026078,리더십 이론의 시대적 재조명 : MZ 세대의 특성과 비교 연구
1167819,2021,이주영,경희대학교,박사,Ju Young Lee,경희대학교 대학원,KDMT12022000061302,Divergent cycloadditions of N-aromatic zwitterions for the construction of fused N-heterocycles
1014865,2011,이기열,동아대학교,석사,이기열,동아대학교 대학원,KDMT1201171459,건선 병변부에서의 가지세포-효과기 T세포 축과 연관된 염증성 싸이토카인 및 케모카인의 발현
827921,2022,신여경,충북대학교,석사,신여경,충북대학교 대학원,KDMT12022000038315,코로나19 유행으로 인한 음주행태 변화
1251478,2021,임지희,원광대학교,석사,임지희,원광대학교 경영대학원,KDMT12021000050223,"렌탈 서비스의 품질, 가치, 만족도 및 추천의도의 관계에 관한 연구"
436231,2019,김준성,서울대학교,박사,김준성,서울대학교 대학원,KDMT1201922149,Hemodynamic impacts of intra-aortic balloon pump on veno-arterial extracorporeal membrane oxygenator in porcine heart failure model
389230,2018,김은자,상지대학교,박사,김은자,상지대학교 대학원,KDMT1201859357,자활사업 참여자의 사회적 관계망이 정서적 자활에 미치는 영향 요인
550167,2017,류기현,건양대학교,박사,류기현,건양대학교 대학원,KDMT1201712529,백서 모델에서 ursodeoxycholic acid 공급을 통한 장내 미생물균총의 변화
213863,2003,김경화,중앙대학교,박사,김경화,중앙대학교 대학원,KDMT1200362828,상호교류분석 이론에 기초한 부모교육이 어머니의 심리적 자세와 자아개념 및 유아의 자아개념에 미치는 영향
945334,2019,유석봉,가천대학교,박사,유석봉,가천대학교 대학원,KDMT1201909037,사회적 관계에서의 긴장요인이 사이버비행에 미치는 영향분석 : 우울과 휴대전화의존도의 매개효과를 중심으로
249092,2005,김동주,성신여자대학교,석사,김동주,성신여자대학교 대학원,KDMT1200514720,Alban Berg의 ≪Sieben Fr?he Lieder≫ 에 관한 연구
589504,2011,박경태,경북대학교,석사,박경태,경북대학교 대학원,KDMT1201120696,성게 모양 나노 텅스텐 산화물을 이용한 전기변색소자 연구
1010589,2005,이규순,대진대학교,석사,이규순,대진대학교 교육대학원,KDMT1200503574,"발달장애유아의 그림발달단계, 선호 색채, 사용 색채 수 분석"
449921,2012,김지훈,한양대학교,박사,김지훈,한양대학교 대학원,KDMT1201223170,활성산소종으로 손상되는 토끼 복부 대동맥 내피에서 Captopril과 Enalapril의 항산화효과
578454,2022,미르자갈리예바 예르케마랄,건국대학교,석사,미르자갈리예바 예르케마랄,건국대학교 대학원,KDMT12023000001654,말뭉치 기반 학문용 유의어 명사의 공기 관계 연구 : 자연과학 전공 희망 외국인 학습자를 중심으로
290478,2021,김산,한국해양대학교,석사,김산,한국해양대학교 대학원,KDMT12021000056657,디지털 트윈 구축을 위한 선박 추진체계 모델링 연구
986475,2007,윤진환,포항공과대학교,박사,윤진환,포항공과대학교 대학원,KDMT1200700297,스침각 입사 X-선 산란법을 이용한 고분자 박막의 나노구조 연구
1459754,2014,차은지,이화여자대학교,석사,차은지,이화여자대학교 대학원,KDMT1201459743,"투석 전 만성신장질환자의 신장관련지식, 자기효능감, 신장 기능의 관계"
539687,2006,노재희,성균관대학교,석사,노재희,성균관대학교 교육대학원,KDMT1200644091,중학생의 방과 후 스포츠 활동 참가가 사회성에 미치는 영향
492954,2020,김현중,동국대학교,석사,김현중,동국대학교 대학원,KDMT1202012300,Operational characteristics of various field-plated AlGaN/GaN HEMT structures concerning self-heating effect
1172433,2001,이준우,한국과학기술원,석사,이준우,한국과학기술원,KDMT1200147121,S-파라미터 측정을 통한 마이크로파 영역에서의 Wafer Level Package의 모델에 관한 연구
269062,2007,김미해,동아대학교,석사,김미해,동아대학교 교육대학원,KDMT1200779018,초등영어교육에서 효과적인 말하기 학습을 위한 문법교육의 필요성에 대한 인식 조사
420682,2017,김정훈,부산대학교,박사,Kim Jeonghoon,부산대학교 대학원,KDMT1201703686,A study on the efficiency enhancement for dye and quantum-dot sensitized solar cell
1425773,2020,조창제,대구대학교,석사,조창제,대구대학교 대학원,KDMT1202031319,시공간 정보를 고려한 온도 예측모형의 비교
244548,2012,김동국,영남대학교,석사,김동국,영남대학교 대학원,KDMT1201226331,"Development of new synthetic route to 6-amino-2,4,5-trimethylpyridin-3-ol derivatives"
479947,2009,김학윤,울산대학교,석사,김학윤,울산대학교 자동차선박기술대학원,KDMT1200905253,실적선 기반 기관실 의장설계를 위한 유사율 분석방법 연구
658912,2007,박일섭,부산대학교,석사,박일섭,부산대학교 대학원,KDMT1200756147,혼잣말의 특성에 대한 연구
280347,2017,김범준,가톨릭관동대학교,석사,김범준,가톨릭관동대학교 대학원,KDMT1201734261,비측정용 카메라에서 얻어진 3차원 정보의 정확도 평가
1572829,2015,하인영,인하대학교,석사,하인영,인하대학교 대학원,KDMT1201532929,직업기초능력평가 '의사소통 국어' 영역의 개선 방향 연구 [전자자료]
1575116,2012,하태정,동국대학교,석사,하태정,동국대학교 대학원,KDMT1201240989,녹색식생활지침에 대한 인식 및 실천 : 울산지역 주부를 중심으로
1505858,2012,최영미,제주대학교,석사,최영미,제주대학교 교육대학원,KDMT1201269541,모래해안에서 발견되는 미소종 패류의 탐구학습 자료 개발
488085,1998,김현숙,서울시립대학교,석사,金賢淑,서울市立大學校 産業大學院,KDMT1199800131,정수처리 공정중 원수에 불화물 투입시 F＾-＾ 농도변화에 관한 연구
986843,2009,윤창준,경희대학교,석사,윤창준,경희대학교 대학원,KDMT1200907937,"한국 독사 교상 환자의 임상 상, 항독소 사용 및 용량의 적절성에 대한 고찰"
980784,2001,윤인술,인제대학교,석사,윤인술,인제대학교 교육대학원,KDMT1200139981,상황학습 이론을 적용한 교육용 소프트웨어의 설계 및 구현 : 고등학교 원동기 “유체의 성질”단원을 중심으로
120281,2012,강부민,부경대학교,석사,강부민,부경대학교 대학원,KDMT1201226737,REEL-TO-REEL 장치를 이용한 초전도체용 산화물 버퍼층 제작에 관한 연구
807196,2003,송정기,서울교육대학교,석사,송정기,서울교육대학교 교육대학원,KDMT1200345984,초등학교장의 전문성 개발을 위한 현직교육의 실태 및 요구 분석
1056011,2019,이상염,충남대학교,석사,이상염,충남대학교 대학원,KDMT1201947148,화력발전소 증기터빈 설비의 고장 데이터베이스 기반 위험도 평가
235796,2018,김다혜,숙명여자대학교,석사,김다혜,숙명여자대학교 대학원,KDMT1201802859,대학생의 부적응적 인지적 정서조절전략과 가까운 사회적 관계에 따른 우울증상 차이
949945,2022,유영남,건국대학교,석사,유영남,건국대학교 대학원,KDMT12022000038689,중국 상하이 산업유산을 컨버전디자인한 문화산업단지 특성에 관한 연구
924921,2009,왕정원,이화여자대학교,석사,왕정원,이화여자대학교 교육대학원,KDMT1200936415,결과지식 지연간격과 결과지식 후 지연간격에 따른 운동학습효과
1510665,2012,최용현,광신대학교,석사,최용현,광신대학교 신학대학원,KDMT1201225572,포스트모던 사회에서 선교적 교회에 대한 연구
1075240,2003,이성훈,부산대학교,석사,이성훈,부산대학교 대학원,KDMT1200303476,조명 변화에 강인한 로봇 축구 시스템의 실시간 색상 분류기
975860,2010,윤숙,이화여자대학교,석사,윤숙,이화여자대학교 교육대학원,KDMT1201064533,중등음악교사의 음악교육실태인식 및 교육방향성에 대한 제고
1624619,2021,홍성택,한서대학교,석사,홍성택,한서대학교 교육대학원,KDMT12023000002970,중학생의 학업무기력이 진로결정 자기효능감에 미치는 영향 : 희망의 매개효과와 성장 마인드셋의 조절된 매개효과
323580,2018,김소희,서울대학교,석사,김소희,서울대학교 대학원,KDMT1201825413,Large eddy simulation of flow around a propeller of a multirotor unmanned aerial vehicle
156323,2019,고주연,서울대학교,박사,고주연,서울대학교 대학원,KDMT1201958465,"TRPC4 동형사분체와 이형사분체의 활성차이와 관련된 분자구조 및 PI(4,5)P₂ 의존성 조절기전"
1319059,2014,정다워,서울대학교,석사,정다워,서울대학교 대학원,KDMT1201429392,장외파생상품거래에서의 설명의무에 관한 연구
728232,2018,백경미,충남대학교,석사,백경미,충남대학교 대학원,KDMT1201846069,식품안전태도에 따른 소비자유형 연구 : 후쿠시마 원전사고를 중심으로
858550,2020,안보경,고려대학교,박사,안보경,고려대학교 대학원,KDMT1202068249,프로모터 과메틸화에 따른 Adenylate Kinase 5 유전자의 대장암 억제 유전자로서의 역할 변화 연구
684227,2020,박지혜,중앙대학교,석사,박지혜,중앙대학교 건강간호대학원,KDMT1202048733,간호사의 직무스트레스가 직장 내 괴롭힘에 미치는 영향 : 조직문화의 매개 효과
1530217,2005,최준용,경희대학교,석사,최준용,경희대학교 대학원,KDMT1200529308,기관지천식환자에서 가미청상보하탕의 임상적 효과 및 변증유형에 따른 영향
721645,2010,배영진,중앙대학교,석사,배영진,중앙대학교 대학원,KDMT1201011280,국내 제조기업의 SCM 구축성과에 관한 연구
923842,2010,왕승혜,서울대학교,석사,왕승혜,서울대학교 대학원,KDMT1201030107,"기능성 식품의 표시·광고에 관한 행정법적 고찰 : CODEX, EU 등 국제기준과의 비교를 중심으로"
1588374,2021,한승헌,금오공과대학교,석사,한승헌,금오공과대학교 대학원,KDMT12021000018797,딥러닝을 활용한 영상기반 교통사고 예방 안전시스템
1313186,2020,정경원,숭실대학교,박사,정경원,숭실대학교 대학원,KDMT1202015238,클라우드 기반 전자서명 서비스의 수용의도에 영향을 미치는 요인에 관한 연구
1326655,2014,정민준,부산대학교,석사,정민준,부산대학교 산업대학원,KDMT1201449563,공사 수행중 발생되는 추가비용 산출모델 및 수익성 제고방안
680661,2020,박지수,성균관대학교,석사,Jisoo Park,성균관대학교 대학원,KDMT1202025048,The deubiquitinase USP13 regulates parkin stability and function
1333220,2018,정성균,고려대학교,석사,정성균,고려대학교 정보보호대학원,KDMT1201803824,Improved methods for recovering deleted records in MySQL InnoDB
984533,2014,윤준영,한국체육대학교,석사,윤준영,한국체육대학교 사회체육대학원,KDMT1201457446,태권도 품새선수의 심리적 방해요인 탐색
1096179,2004,이신득,부경대학교,박사,이신득,부경대학교 대학원,KDMT1200460038,반응성 폴리에테르이미드의 합성과 에폭시 수지의 강인화
1166169,2013,이종훈,서울대학교,석사,이종훈,서울대학교 대학원,KDMT1201373242,Surface treatment of porous Ti scaffold for biomedical applications
190460,2020,권자영,서울대학교,석사,권자영,서울대학교 대학원,KDMT1202063852,A corpus-based analysis of conjunctive adverbials in Korean MA students' academic writing with special reference to causal CAs
310105,2003,김성수,포항공과대학교,석사,김성수,포항공과대학교 철강대학원,KDMT1200310930,가스분사를 통한 도금욕 내에서의 유동장 및 입자 거동연구
1106272,2006,이영주,숙명여자대학교,석사,이영주,숙명여자대학교 교육대학원,KDMT1200612527,고등학교 중국어Ⅰ 교과서의 의문문 고찰
1387657,2011,조경선,우석대학교,석사,조경선,우석대학교 교육대학원,KDMT1201165641,전문계 고등학생의 가정환경에 대한 인식과 진로성숙도가 학교생활 적응에 미치는 영향
645203,2020,박영호,세종사이버대학교,석사,박영호,세종사이버대학교 정보보호대학원,KDMT1202007959,리브레오피스 문서 파일에서의 정보 은닉 및 검출
1355333,2017,정은진,서울교육대학교,석사,정은진,서울교육대학교 교육전문대학원,KDMT1201740534,텍스트 구성 능력 신장을 위한 문장 쓰기 지도 방안
240412,2002,김덕님,원광대학교,석사,김덕님,원광대학교 대학원,KDMT1200218434,온신환이 백서의 배란에 미치는 영향
770649,2003,석주식,이화여자대학교,석사,석주식,이화여자대학교 교육대학원,KDMT1200321226,제 7차 교육과정에 따른 중학교 과학 교과서의 탐구 과정 및 활동 분석 : 에너지 영역을 중심으로
1383806,2009,정효영,목포대학교,석사,정효영,목포대학교 대학원,KDMT1200915534,REBT를 적용한 원예치료 프로그램이 시설노인의 우울과 자아존중감에 미치는 효과
485876,2003,김현도,성균관대학교,석사,김현도,성균관대학교 대학원,KDMT1200323150,TIPS법에 의한 다공성 Poly(L-lactic acid) 지지체의 제조 및 PEG-PLLA Diblock Copolymer의 영향에 관한 연구
298959,2010,김석우,한양대학교,석사,김석우,한양대학교 대학원,KDMT1201054766,증·개축에 의한 개량한옥 주거 공간구성의 변화에 관한 연구 : 마당의 내실화를 중심으로
465316,2004,김철중,한남대학교,석사,김철중,한남대학교 사회문화과학대학원,KDMT1200400159,퍼머넌트 웨이브제 종류에 따른 모발의 형태학적 및 화학적 변화
312662,2002,김성은,전북대학교,박사,김성은,전북대학교 대학원,KDMT1200212130,Paraquat에 대한 활성 억제 물질의 동정과 지황 지역 계통간 종내 내성 차이 구명
658013,2012,박인영,동국대학교,박사,박인영,동국대학교 영상대학원,KDMT1201240949,2000년대 한국영화 결말 구조와 의미작용 연구 : 남성 서사 에필로그의 과거 회귀를 중심으로
340074,2016,김아람,아주대학교,석사,김아람,아주대학교 교육대학원,KDMT1201611095,요약하기를 활용한 영어 읽기 교육 방안 : 중학교 2학년을 중심으로
752231,2004,서보경,경희대학교,석사,서보경,경희대학교 교육대학원,KDMT1200448282,張愛玲 《半生緣》 연구
886545,2022,양채영,대구한의대학교,박사,양채영,대구한의대학교 대학원,KDMT12022000047984,『東醫寶鑑』 「面門」 引用文에 대한 연구
1504691,2002,최연정,충남대학교,석사,최연정,충남대학교 대학원,KDMT1200231545,신약 후보 물질의 소장관 세포막 투과성 스크리닝을 위한 Caco-2 배양 세포 단층막 실험계의 확립
1033428,2014,이명재,아주대학교,석사,이명재,아주대학교 대학원,KDMT1201436806,미성숙 감귤 유래 시네프린의 화장품 소재화를 위한 항염기전 연구
251037,2010,김동현,인하대학교,박사,김동현,인하대학교 대학원,KDMT1201062062,고용안정성과 조직공정성에 대한 지각이 이중몰입에 미치는 영향 [전자자료] : 사회적 자본의 매개효과를 중심으로
899914,2001,염혜진,이화여자대학교,석사,염혜진,이화여자대학교 대학원,KDMT1200155042,초등학생의 스트레스 정도와 식생활 양상 및 건강 행위와의 관계
858890,2000,안상백,단국대학교,석사,안상백,단국대학교 대학원,KDMT1200012988,PML 흡수경계조건을 이용한 시간영역 유한차분법의 초고주파 증폭기 해석
354367,2018,김영오,부경대학교,석사,김영오,부경대학교 대학원,KDMT1201842182,충전재가 황토 복합재료의 물성에 미치는 영향
452956,2007,김진수,건국대학교,박사,김진수,건국대학교 대학원,KDMT1200723494,남북교역과 대북 경제지원이 남북한 분쟁완화에 미치는 효과 분석
1459089,2000,차옥환,전북대학교,석사,차옥환,전북대학교 대학원,KDMT1200016524,GaN 박막의 광전 특성 연구
604935,2005,박미령,대전대학교,박사,박미령,대전대학교 대학원,KDMT1200537431,대계 추출물이 종양면역에 미치는 영향
1015420,2004,이기원,부산대학교,석사,이기원,부산대학교 교육대학원,KDMT1200407491,국내 일반노조와 외국 교원단체와의 비교를 통한 교원노조의 진로 탐색
740360,2003,변미화,서원대학교,석사,변미화,서원대학교 정보통신대학원,KDMT1200353157,동영상을 중심으로 한 효율적인 멀티미디어 컨텐츠 제작방법
450933,2002,김진구,충남대학교,박사,김진구,충남대학교 대학원,KDMT1200252536,시스플라틴 내성을 보이는 사람 방광암세포주에서 Bf1-1/A1과 Integrin 유전자의 차등 발현
698039,2022,박해종,한양대학교,석사,박해종,한양대학교 대학원,KDMT12022000002488,메가시티 작전환경 변화에 따른 군사혁신 발전방안에 관한 연구
806731,2001,송재수,한국과학기술원,석사,송재수,한국과학기술원,KDMT1200125814,구동기 및 감지기의 동시고장을 고려한 미지 입력 관측기의 설계
116655,2019,강미선,경남대학교,박사,강미선,경남대학교 대학원,KDMT1201926538,지역 활성화를 위한 평생교육기관으로서 미술관의 역할수행 가능성 탐색 : 김주석기념미술관을 중심으로
809027,2002,송지영,한국과학기술원,석사,송지영,한국과학기술원,KDMT1200224787,CDMA/TDD 시스템에서의 영역 분할 기반 동적 자원 할당
329418,2015,김수진,부산대학교,석사,김수진,부산대학교 대학원,KDMT1201505856,워즈워스의 상상력과 그 한계 : 자연과 시간과 초월
1175493,2020,이지선,한국과학기술원,석사,Lee | Ji Sun,한국과학기술원,KDMT1202003232,Big bath following CEO turnover and information asymmetry
1194647,2012,이춘복,연세대학교,박사,이춘복,연세대학교 대학원,KDMT1201266593,탈 냉전기 한중일 민족주의 특성 비교연구
698481,2008,박헌수,원광대학교,석사,박헌수,원광대학교 행정대학원,KDMT1200863045,전북의 교통사고 감소방안에 관한 연구
1574155,2018,하지연,아주대학교,석사,하지연,아주대학교 대학원,KDMT1201815640,트럭 운전자의 행동분석 및 아웃사이드 도어 핸들과 스텝의 인간공학적 평가
1133955,2012,이응직,서울대학교,석사,이응직,서울대학교 대학원,KDMT1201244238,Validation of automated breast density measurement program by comparison with BIRADS classification and Cumulus^®^
1461996,2014,채갑석,청주대학교,박사,채갑석,청주대학교 대학원,KDMT1201447608,소상공인의 기업가정신과 사회적자본이 마케팅성과에 미치는 영향
1276182,2012,장원석,울산대학교,석사,장원석,울산대학교 경영대학원,KDMT1201247072,기업의 녹색경영활동이 경영성과에 미치는 영향에 관한 사례연구
640793,2011,박연희,원광대학교,석사,박연희,원광대학교 교육대학원,KDMT1201115902,국악교육이 유아에게 미치는 다양한 영향 : 인성중심위주
1177685,2009,이지영,우석대학교,석사,이지영,우석대학교 대학원,KDMT1200943125,구척 메탄올 추출물의 IFN-γ와 LPS로 자극된 쥐의 복강 대식세포에서 iNOS와 COX-2의 억제를 통한 항염증 효과
1100913,2017,이영걸,홍익대학교,석사,이영걸,홍익대학교 대학원,KDMT1201734833,시간 인식과 시각적 표현에 관한 연구
891509,2015,엄선영,성균관대학교,석사,엄선영,성균관대학교 대학원,KDMT1201514735,스마트 디바이스를 활용한 박물관 및 미술관 관람 경험 개선 및 경험 공유 서비스 디자인
635939,1999,박순필,한양대학교,박사,박순필,漢陽大學校 大學院,KDMT1199934716,Jonson의 쟈코비안 희곡에 나타난 희극개념
494880,2011,김현호,전북대학교,석사,김현호,전북대학교 대학원,KDMT1201163360,Cr-Mo계 저합금강의 기계적성질에 미치는 Mn과 Zr첨가의 영향
1583922,2020,한상원,부경대학교,석사,한상원,부경대학교 대학원,KDMT1202007569,동아시아 박물학의 전통에서 본 조선후기 광물학 : 『贍用志』와 『五洲書種博物考辨』의 광물지식을 중심으로
